<annotation>
	<folder>fotos</folder>
	<filename>10.jpg</filename>
	<path>/home/stefanipastre/Documentos/novo/fotos/10.jpg</path>
	<source>
		<database>Unknown</database>
	</source>
	<size>
		<width>1280</width>
		<height>720</height>
		<depth>3</depth>
	</size>
	<segmented>0</segmented>
	<object>
		<name>EPI incorreto area 3</name>
		<pose>Unspecified</pose>
		<truncated>0</truncated>
		<difficult>0</difficult>
		<bndbox>
			<xmin>571</xmin>
			<ymin>133</ymin>
			<xmax>740</xmax>
			<ymax>461</ymax>
		</bndbox>
	</object>
	<object>
		<name>sem protetor auricular area 1</name>
		<pose>Unspecified</pose>
		<truncated>0</truncated>
		<difficult>0</difficult>
		<bndbox>
			<xmin>786</xmin>
			<ymin>188</ymin>
			<xmax>986</xmax>
			<ymax>523</ymax>
		</bndbox>
	</object>
</annotation>
