<annotation>
	<folder>fotos</folder>
	<filename>11.jpg</filename>
	<path>/home/stefanipastre/Documentos/novo/fotos/11.jpg</path>
	<source>
		<database>Unknown</database>
	</source>
	<size>
		<width>1280</width>
		<height>720</height>
		<depth>3</depth>
	</size>
	<segmented>0</segmented>
	<object>
		<name>EPI incorreto area 3</name>
		<pose>Unspecified</pose>
		<truncated>0</truncated>
		<difficult>0</difficult>
		<bndbox>
			<xmin>571</xmin>
			<ymin>138</ymin>
			<xmax>746</xmax>
			<ymax>457</ymax>
		</bndbox>
	</object>
	<object>
		<name>sem protetor auricular area 1</name>
		<pose>Unspecified</pose>
		<truncated>0</truncated>
		<difficult>0</difficult>
		<bndbox>
			<xmin>846</xmin>
			<ymin>157</ymin>
			<xmax>1053</xmax>
			<ymax>484</ymax>
		</bndbox>
	</object>
</annotation>
