<annotation>
	<folder>fotos</folder>
	<filename>12.jpg</filename>
	<path>/home/stefanipastre/Documentos/novo/fotos/12.jpg</path>
	<source>
		<database>Unknown</database>
	</source>
	<size>
		<width>1280</width>
		<height>720</height>
		<depth>3</depth>
	</size>
	<segmented>0</segmented>
	<object>
		<name>EPI incorreto area 3</name>
		<pose>Unspecified</pose>
		<truncated>0</truncated>
		<difficult>0</difficult>
		<bndbox>
			<xmin>266</xmin>
			<ymin>217</ymin>
			<xmax>464</xmax>
			<ymax>574</ymax>
		</bndbox>
	</object>
	<object>
		<name>sem protetor auricular area 1</name>
		<pose>Unspecified</pose>
		<truncated>0</truncated>
		<difficult>0</difficult>
		<bndbox>
			<xmin>851</xmin>
			<ymin>151</ymin>
			<xmax>1054</xmax>
			<ymax>484</ymax>
		</bndbox>
	</object>
</annotation>
