<annotation>
	<folder>fotos</folder>
	<filename>13.jpg</filename>
	<path>/home/stefanipastre/Documentos/novo/fotos/13.jpg</path>
	<source>
		<database>Unknown</database>
	</source>
	<size>
		<width>1280</width>
		<height>720</height>
		<depth>3</depth>
	</size>
	<segmented>0</segmented>
	<object>
		<name>EPI incorreto area 3</name>
		<pose>Unspecified</pose>
		<truncated>0</truncated>
		<difficult>0</difficult>
		<bndbox>
			<xmin>268</xmin>
			<ymin>264</ymin>
			<xmax>496</xmax>
			<ymax>630</ymax>
		</bndbox>
	</object>
	<object>
		<name>sem protetor auricular area 1</name>
		<pose>Unspecified</pose>
		<truncated>0</truncated>
		<difficult>0</difficult>
		<bndbox>
			<xmin>637</xmin>
			<ymin>131</ymin>
			<xmax>778</xmax>
			<ymax>459</ymax>
		</bndbox>
	</object>
</annotation>
