<annotation>
	<folder>fotos</folder>
	<filename>14.jpg</filename>
	<path>/home/stefanipastre/Documentos/novo/fotos/14.jpg</path>
	<source>
		<database>Unknown</database>
	</source>
	<size>
		<width>1280</width>
		<height>720</height>
		<depth>3</depth>
	</size>
	<segmented>0</segmented>
	<object>
		<name>EPI incorreto area 3</name>
		<pose>Unspecified</pose>
		<truncated>0</truncated>
		<difficult>0</difficult>
		<bndbox>
			<xmin>266</xmin>
			<ymin>264</ymin>
			<xmax>494</xmax>
			<ymax>629</ymax>
		</bndbox>
	</object>
	<object>
		<name>sem protetor auricular area 1</name>
		<pose>Unspecified</pose>
		<truncated>0</truncated>
		<difficult>0</difficult>
		<bndbox>
			<xmin>724</xmin>
			<ymin>155</ymin>
			<xmax>906</xmax>
			<ymax>492</ymax>
		</bndbox>
	</object>
</annotation>
