<annotation>
	<folder>fotos</folder>
	<filename>16.jpg</filename>
	<path>/home/stefanipastre/Documentos/novo/fotos/16.jpg</path>
	<source>
		<database>Unknown</database>
	</source>
	<size>
		<width>1280</width>
		<height>720</height>
		<depth>3</depth>
	</size>
	<segmented>0</segmented>
	<object>
		<name>EPI incorreto area 3</name>
		<pose>Unspecified</pose>
		<truncated>0</truncated>
		<difficult>0</difficult>
		<bndbox>
			<xmin>257</xmin>
			<ymin>262</ymin>
			<xmax>497</xmax>
			<ymax>628</ymax>
		</bndbox>
	</object>
	<object>
		<name>sem protetor auricular area 1</name>
		<pose>Unspecified</pose>
		<truncated>0</truncated>
		<difficult>0</difficult>
		<bndbox>
			<xmin>810</xmin>
			<ymin>264</ymin>
			<xmax>1068</xmax>
			<ymax>624</ymax>
		</bndbox>
	</object>
</annotation>
