<annotation>
	<folder>fotos</folder>
	<filename>3.jpg</filename>
	<path>/home/stefanipastre/Documentos/novo/fotos/3.jpg</path>
	<source>
		<database>Unknown</database>
	</source>
	<size>
		<width>1280</width>
		<height>720</height>
		<depth>3</depth>
	</size>
	<segmented>0</segmented>
	<object>
		<name>sem protetor auricular area 1</name>
		<pose>Unspecified</pose>
		<truncated>0</truncated>
		<difficult>0</difficult>
		<bndbox>
			<xmin>442</xmin>
			<ymin>194</ymin>
			<xmax>610</xmax>
			<ymax>535</ymax>
		</bndbox>
	</object>
	<object>
		<name>EPI incorreto area 3</name>
		<pose>Unspecified</pose>
		<truncated>0</truncated>
		<difficult>0</difficult>
		<bndbox>
			<xmin>850</xmin>
			<ymin>207</ymin>
			<xmax>1064</xmax>
			<ymax>522</ymax>
		</bndbox>
	</object>
</annotation>
