<annotation>
	<folder>fotos</folder>
	<filename>4.jpg</filename>
	<path>/home/stefanipastre/Documentos/novo/fotos/4.jpg</path>
	<source>
		<database>Unknown</database>
	</source>
	<size>
		<width>1280</width>
		<height>720</height>
		<depth>3</depth>
	</size>
	<segmented>0</segmented>
	<object>
		<name>EPI incorreto area 3</name>
		<pose>Unspecified</pose>
		<truncated>0</truncated>
		<difficult>0</difficult>
		<bndbox>
			<xmin>836</xmin>
			<ymin>236</ymin>
			<xmax>1005</xmax>
			<ymax>578</ymax>
		</bndbox>
	</object>
	<object>
		<name>sem protetor auricular area 1</name>
		<pose>Unspecified</pose>
		<truncated>0</truncated>
		<difficult>0</difficult>
		<bndbox>
			<xmin>323</xmin>
			<ymin>276</ymin>
			<xmax>540</xmax>
			<ymax>623</ymax>
		</bndbox>
	</object>
</annotation>
