<annotation>
	<folder>fotos</folder>
	<filename>5.jpg</filename>
	<path>/home/stefanipastre/Documentos/novo/fotos/5.jpg</path>
	<source>
		<database>Unknown</database>
	</source>
	<size>
		<width>1280</width>
		<height>720</height>
		<depth>3</depth>
	</size>
	<segmented>0</segmented>
	<object>
		<name>EPI incorreto area 3</name>
		<pose>Unspecified</pose>
		<truncated>0</truncated>
		<difficult>0</difficult>
		<bndbox>
			<xmin>810</xmin>
			<ymin>160</ymin>
			<xmax>997</xmax>
			<ymax>464</ymax>
		</bndbox>
	</object>
	<object>
		<name>sem protetor auricular area 1</name>
		<pose>Unspecified</pose>
		<truncated>0</truncated>
		<difficult>0</difficult>
		<bndbox>
			<xmin>326</xmin>
			<ymin>117</ymin>
			<xmax>490</xmax>
			<ymax>459</ymax>
		</bndbox>
	</object>
</annotation>
