<annotation>
	<folder>fotos</folder>
	<filename>6.jpg</filename>
	<path>/home/stefanipastre/Documentos/novo/fotos/6.jpg</path>
	<source>
		<database>Unknown</database>
	</source>
	<size>
		<width>1280</width>
		<height>720</height>
		<depth>3</depth>
	</size>
	<segmented>0</segmented>
	<object>
		<name>EPI incorreto area 3</name>
		<pose>Unspecified</pose>
		<truncated>0</truncated>
		<difficult>0</difficult>
		<bndbox>
			<xmin>859</xmin>
			<ymin>177</ymin>
			<xmax>1039</xmax>
			<ymax>524</ymax>
		</bndbox>
	</object>
	<object>
		<name>sem protetor auricular area 1</name>
		<pose>Unspecified</pose>
		<truncated>0</truncated>
		<difficult>0</difficult>
		<bndbox>
			<xmin>323</xmin>
			<ymin>117</ymin>
			<xmax>486</xmax>
			<ymax>455</ymax>
		</bndbox>
	</object>
</annotation>
