<annotation>
	<folder>fotos</folder>
	<filename>7.jpg</filename>
	<path>/home/stefanipastre/Documentos/novo/fotos/7.jpg</path>
	<source>
		<database>Unknown</database>
	</source>
	<size>
		<width>1280</width>
		<height>720</height>
		<depth>3</depth>
	</size>
	<segmented>0</segmented>
	<object>
		<name>EPI incorreto area 3</name>
		<pose>Unspecified</pose>
		<truncated>0</truncated>
		<difficult>0</difficult>
		<bndbox>
			<xmin>857</xmin>
			<ymin>173</ymin>
			<xmax>1037</xmax>
			<ymax>525</ymax>
		</bndbox>
	</object>
	<object>
		<name>sem protetor auricular area 1</name>
		<pose>Unspecified</pose>
		<truncated>0</truncated>
		<difficult>0</difficult>
		<bndbox>
			<xmin>249</xmin>
			<ymin>295</ymin>
			<xmax>492</xmax>
			<ymax>650</ymax>
		</bndbox>
	</object>
</annotation>
