<annotation>
	<folder>fotos</folder>
	<filename>8.jpg</filename>
	<path>/home/stefanipastre/Documentos/novo/fotos/8.jpg</path>
	<source>
		<database>Unknown</database>
	</source>
	<size>
		<width>1280</width>
		<height>720</height>
		<depth>3</depth>
	</size>
	<segmented>0</segmented>
	<object>
		<name>EPI incorreto area 3</name>
		<pose>Unspecified</pose>
		<truncated>0</truncated>
		<difficult>0</difficult>
		<bndbox>
			<xmin>864</xmin>
			<ymin>154</ymin>
			<xmax>1075</xmax>
			<ymax>444</ymax>
		</bndbox>
	</object>
	<object>
		<name>sem protetor auricular area 1</name>
		<pose>Unspecified</pose>
		<truncated>0</truncated>
		<difficult>0</difficult>
		<bndbox>
			<xmin>626</xmin>
			<ymin>192</ymin>
			<xmax>789</xmax>
			<ymax>542</ymax>
		</bndbox>
	</object>
</annotation>
