<annotation>
	<folder>fotos</folder>
	<filename>9.jpg</filename>
	<path>/home/stefanipastre/Documentos/novo/fotos/9.jpg</path>
	<source>
		<database>Unknown</database>
	</source>
	<size>
		<width>1280</width>
		<height>720</height>
		<depth>3</depth>
	</size>
	<segmented>0</segmented>
	<object>
		<name>EPI incorreto area 3</name>
		<pose>Unspecified</pose>
		<truncated>0</truncated>
		<difficult>0</difficult>
		<bndbox>
			<xmin>866</xmin>
			<ymin>154</ymin>
			<xmax>1077</xmax>
			<ymax>446</ymax>
		</bndbox>
	</object>
	<object>
		<name>sem protetor auricular area 1</name>
		<pose>Unspecified</pose>
		<truncated>0</truncated>
		<difficult>0</difficult>
		<bndbox>
			<xmin>544</xmin>
			<ymin>247</ymin>
			<xmax>709</xmax>
			<ymax>611</ymax>
		</bndbox>
	</object>
</annotation>
