<annotation>
	<folder>fotos</folder>
	<filename>fotos_110.jpg</filename>
	<path>/home/stefanipastre/Documentos/novo/fotos/fotos_110.jpg</path>
	<source>
		<database>Unknown</database>
	</source>
	<size>
		<width>1280</width>
		<height>720</height>
		<depth>3</depth>
	</size>
	<segmented>0</segmented>
	<object>
		<name>sem capacete area 3</name>
		<pose>Unspecified</pose>
		<truncated>0</truncated>
		<difficult>0</difficult>
		<bndbox>
			<xmin>386</xmin>
			<ymin>202</ymin>
			<xmax>584</xmax>
			<ymax>521</ymax>
		</bndbox>
	</object>
	<object>
		<name>sem EPI area 1</name>
		<pose>Unspecified</pose>
		<truncated>0</truncated>
		<difficult>0</difficult>
		<bndbox>
			<xmin>959</xmin>
			<ymin>139</ymin>
			<xmax>1136</xmax>
			<ymax>473</ymax>
		</bndbox>
	</object>
</annotation>
