<annotation>
	<folder>fotos</folder>
	<filename>fotos_54.jpg</filename>
	<path>/home/stefanipastre/Documentos/novo/fotos/fotos_54.jpg</path>
	<source>
		<database>Unknown</database>
	</source>
	<size>
		<width>1280</width>
		<height>720</height>
		<depth>3</depth>
	</size>
	<segmented>0</segmented>
	<object>
		<name>EPI incorreto area 2</name>
		<pose>Unspecified</pose>
		<truncated>0</truncated>
		<difficult>0</difficult>
		<bndbox>
			<xmin>899</xmin>
			<ymin>123</ymin>
			<xmax>1108</xmax>
			<ymax>467</ymax>
		</bndbox>
	</object>
	<object>
		<name>sem capacete area 1</name>
		<pose>Unspecified</pose>
		<truncated>0</truncated>
		<difficult>0</difficult>
		<bndbox>
			<xmin>597</xmin>
			<ymin>117</ymin>
			<xmax>790</xmax>
			<ymax>445</ymax>
		</bndbox>
	</object>
	<object>
		<name>sem EPI area 1</name>
		<pose>Unspecified</pose>
		<truncated>0</truncated>
		<difficult>0</difficult>
		<bndbox>
			<xmin>216</xmin>
			<ymin>285</ymin>
			<xmax>430</xmax>
			<ymax>628</ymax>
		</bndbox>
	</object>
</annotation>
