<annotation>
	<folder>fotos</folder>
	<filename>fotos_4.jpg</filename>
	<path>/home/stefanipastre/Documentos/novo/fotos/fotos_4.jpg</path>
	<source>
		<database>Unknown</database>
	</source>
	<size>
		<width>1280</width>
		<height>720</height>
		<depth>3</depth>
	</size>
	<segmented>0</segmented>
	<object>
		<name>EPI incorreto area 3</name>
		<pose>Unspecified</pose>
		<truncated>0</truncated>
		<difficult>0</difficult>
		<bndbox>
			<xmin>313</xmin>
			<ymin>278</ymin>
			<xmax>506</xmax>
			<ymax>631</ymax>
		</bndbox>
	</object>
	<object>
		<name>sem protetor auricular area 1</name>
		<pose>Unspecified</pose>
		<truncated>0</truncated>
		<difficult>0</difficult>
		<bndbox>
			<xmin>712</xmin>
			<ymin>128</ymin>
			<xmax>884</xmax>
			<ymax>457</ymax>
		</bndbox>
	</object>
</annotation>
