<annotation>
	<folder>fotos</folder>
	<filename>fotos_101.jpg</filename>
	<path>/home/stefanipastre/Documentos/novo/fotos/fotos_101.jpg</path>
	<source>
		<database>Unknown</database>
	</source>
	<size>
		<width>1280</width>
		<height>720</height>
		<depth>3</depth>
	</size>
	<segmented>0</segmented>
	<object>
		<name>sem capacete area 3</name>
		<pose>Unspecified</pose>
		<truncated>0</truncated>
		<difficult>0</difficult>
		<bndbox>
			<xmin>877</xmin>
			<ymin>118</ymin>
			<xmax>1064</xmax>
			<ymax>445</ymax>
		</bndbox>
	</object>
	<object>
		<name>sem protetor auricular area 2</name>
		<pose>Unspecified</pose>
		<truncated>0</truncated>
		<difficult>0</difficult>
		<bndbox>
			<xmin>657</xmin>
			<ymin>162</ymin>
			<xmax>854</xmax>
			<ymax>484</ymax>
		</bndbox>
	</object>
</annotation>
