<annotation>
	<folder>fotos</folder>
	<filename>fotos_13.jpg</filename>
	<path>/home/stefanipastre/Documentos/novo/fotos/fotos_13.jpg</path>
	<source>
		<database>Unknown</database>
	</source>
	<size>
		<width>1280</width>
		<height>720</height>
		<depth>3</depth>
	</size>
	<segmented>0</segmented>
	<object>
		<name>EPI incorreto area 3</name>
		<pose>Unspecified</pose>
		<truncated>0</truncated>
		<difficult>0</difficult>
		<bndbox>
			<xmin>932</xmin>
			<ymin>310</ymin>
			<xmax>1136</xmax>
			<ymax>664</ymax>
		</bndbox>
	</object>
	<object>
		<name>sem protetor auricular area 1</name>
		<pose>Unspecified</pose>
		<truncated>0</truncated>
		<difficult>0</difficult>
		<bndbox>
			<xmin>513</xmin>
			<ymin>284</ymin>
			<xmax>736</xmax>
			<ymax>637</ymax>
		</bndbox>
	</object>
</annotation>
