<annotation>
	<folder>fotos</folder>
	<filename>fotos_15.jpg</filename>
	<path>/home/stefanipastre/Documentos/novo/fotos/fotos_15.jpg</path>
	<source>
		<database>Unknown</database>
	</source>
	<size>
		<width>1280</width>
		<height>720</height>
		<depth>3</depth>
	</size>
	<segmented>0</segmented>
	<object>
		<name>EPI incorreto area 3</name>
		<pose>Unspecified</pose>
		<truncated>0</truncated>
		<difficult>0</difficult>
		<bndbox>
			<xmin>864</xmin>
			<ymin>272</ymin>
			<xmax>1060</xmax>
			<ymax>608</ymax>
		</bndbox>
	</object>
	<object>
		<name>sem protetor auricular area 1</name>
		<pose>Unspecified</pose>
		<truncated>0</truncated>
		<difficult>0</difficult>
		<bndbox>
			<xmin>403</xmin>
			<ymin>181</ymin>
			<xmax>571</xmax>
			<ymax>536</ymax>
		</bndbox>
	</object>
</annotation>
