<annotation>
	<folder>fotos</folder>
	<filename>fotos_102.jpg</filename>
	<path>/home/stefanipastre/Documentos/novo/fotos/fotos_102.jpg</path>
	<source>
		<database>Unknown</database>
	</source>
	<size>
		<width>1280</width>
		<height>720</height>
		<depth>3</depth>
	</size>
	<segmented>0</segmented>
	<object>
		<name>sem capacete area 3</name>
		<pose>Unspecified</pose>
		<truncated>0</truncated>
		<difficult>0</difficult>
		<bndbox>
			<xmin>992</xmin>
			<ymin>186</ymin>
			<xmax>1197</xmax>
			<ymax>515</ymax>
		</bndbox>
	</object>
	<object>
		<name>sem protetor auricular area 2</name>
		<pose>Unspecified</pose>
		<truncated>0</truncated>
		<difficult>0</difficult>
		<bndbox>
			<xmin>690</xmin>
			<ymin>99</ymin>
			<xmax>872</xmax>
			<ymax>414</ymax>
		</bndbox>
	</object>
</annotation>
