<annotation>
	<folder>fotos</folder>
	<filename>fotos_7.jpg</filename>
	<path>/home/stefanipastre/Documentos/novo/fotos/fotos_7.jpg</path>
	<source>
		<database>Unknown</database>
	</source>
	<size>
		<width>1280</width>
		<height>720</height>
		<depth>3</depth>
	</size>
	<segmented>0</segmented>
	<object>
		<name>EPI incorreto area 3</name>
		<pose>Unspecified</pose>
		<truncated>0</truncated>
		<difficult>0</difficult>
		<bndbox>
			<xmin>467</xmin>
			<ymin>155</ymin>
			<xmax>616</xmax>
			<ymax>491</ymax>
		</bndbox>
	</object>
	<object>
		<name>sem protetor auricular area 1</name>
		<pose>Unspecified</pose>
		<truncated>0</truncated>
		<difficult>0</difficult>
		<bndbox>
			<xmin>716</xmin>
			<ymin>316</ymin>
			<xmax>939</xmax>
			<ymax>663</ymax>
		</bndbox>
	</object>
</annotation>
