<annotation>
	<folder>fotos</folder>
	<filename>fotos_6.jpg</filename>
	<path>/home/stefanipastre/Documentos/novo/fotos/fotos_6.jpg</path>
	<source>
		<database>Unknown</database>
	</source>
	<size>
		<width>1280</width>
		<height>720</height>
		<depth>3</depth>
	</size>
	<segmented>0</segmented>
	<object>
		<name>EPI incorreto area 3</name>
		<pose>Unspecified</pose>
		<truncated>0</truncated>
		<difficult>0</difficult>
		<bndbox>
			<xmin>466</xmin>
			<ymin>153</ymin>
			<xmax>613</xmax>
			<ymax>489</ymax>
		</bndbox>
	</object>
	<object>
		<name>sem protetor auricular area 1</name>
		<pose>Unspecified</pose>
		<truncated>0</truncated>
		<difficult>0</difficult>
		<bndbox>
			<xmin>795</xmin>
			<ymin>136</ymin>
			<xmax>997</xmax>
			<ymax>464</ymax>
		</bndbox>
	</object>
</annotation>
