<annotation>
	<folder>fotos</folder>
	<filename>fotos_20.jpg</filename>
	<path>/home/stefanipastre/Documentos/novo/fotos/fotos_20.jpg</path>
	<source>
		<database>Unknown</database>
	</source>
	<size>
		<width>1280</width>
		<height>720</height>
		<depth>3</depth>
	</size>
	<segmented>0</segmented>
	<object>
		<name>EPI incorreto area 3</name>
		<pose>Unspecified</pose>
		<truncated>0</truncated>
		<difficult>0</difficult>
		<bndbox>
			<xmin>544</xmin>
			<ymin>106</ymin>
			<xmax>710</xmax>
			<ymax>429</ymax>
		</bndbox>
	</object>
	<object>
		<name>sem protetor auricular area 2</name>
		<pose>Unspecified</pose>
		<truncated>0</truncated>
		<difficult>0</difficult>
		<bndbox>
			<xmin>796</xmin>
			<ymin>254</ymin>
			<xmax>1011</xmax>
			<ymax>587</ymax>
		</bndbox>
	</object>
	<object>
		<name>sem protetor auricular area 1</name>
		<pose>Unspecified</pose>
		<truncated>0</truncated>
		<difficult>0</difficult>
		<bndbox>
			<xmin>328</xmin>
			<ymin>210</ymin>
			<xmax>497</xmax>
			<ymax>557</ymax>
		</bndbox>
	</object>
</annotation>
