<annotation>
	<folder>fotos</folder>
	<filename>fotos_29.jpg</filename>
	<path>/home/stefanipastre/Documentos/novo/fotos/fotos_29.jpg</path>
	<source>
		<database>Unknown</database>
	</source>
	<size>
		<width>1280</width>
		<height>720</height>
		<depth>3</depth>
	</size>
	<segmented>0</segmented>
	<object>
		<name>sem capacete area 3</name>
		<pose>Unspecified</pose>
		<truncated>0</truncated>
		<difficult>0</difficult>
		<bndbox>
			<xmin>220</xmin>
			<ymin>327</ymin>
			<xmax>457</xmax>
			<ymax>673</ymax>
		</bndbox>
	</object>
	<object>
		<name>EPI incorreto area 2</name>
		<pose>Unspecified</pose>
		<truncated>0</truncated>
		<difficult>0</difficult>
		<bndbox>
			<xmin>439</xmin>
			<ymin>170</ymin>
			<xmax>644</xmax>
			<ymax>526</ymax>
		</bndbox>
	</object>
	<object>
		<name>sem capacete area 1</name>
		<pose>Unspecified</pose>
		<truncated>0</truncated>
		<difficult>0</difficult>
		<bndbox>
			<xmin>824</xmin>
			<ymin>116</ymin>
			<xmax>1035</xmax>
			<ymax>461</ymax>
		</bndbox>
	</object>
</annotation>
