<annotation>
	<folder>fotos</folder>
	<filename>fotos_9.jpg</filename>
	<path>/home/stefanipastre/Documentos/novo/fotos/fotos_9.jpg</path>
	<source>
		<database>Unknown</database>
	</source>
	<size>
		<width>1280</width>
		<height>720</height>
		<depth>3</depth>
	</size>
	<segmented>0</segmented>
	<object>
		<name>EPI incorreto area 3</name>
		<pose>Unspecified</pose>
		<truncated>0</truncated>
		<difficult>0</difficult>
		<bndbox>
			<xmin>431</xmin>
			<ymin>305</ymin>
			<xmax>611</xmax>
			<ymax>642</ymax>
		</bndbox>
	</object>
	<object>
		<name>sem protetor auricular area 1</name>
		<pose>Unspecified</pose>
		<truncated>0</truncated>
		<difficult>0</difficult>
		<bndbox>
			<xmin>851</xmin>
			<ymin>256</ymin>
			<xmax>1062</xmax>
			<ymax>612</ymax>
		</bndbox>
	</object>
</annotation>
