<annotation>
	<folder>fotos</folder>
	<filename>fotos_62.jpg</filename>
	<path>/home/stefanipastre/Documentos/novo/fotos/fotos_62.jpg</path>
	<source>
		<database>Unknown</database>
	</source>
	<size>
		<width>1280</width>
		<height>720</height>
		<depth>3</depth>
	</size>
	<segmented>0</segmented>
	<object>
		<name>EPI incorreto area 2</name>
		<pose>Unspecified</pose>
		<truncated>0</truncated>
		<difficult>0</difficult>
		<bndbox>
			<xmin>864</xmin>
			<ymin>272</ymin>
			<xmax>1141</xmax>
			<ymax>650</ymax>
		</bndbox>
	</object>
	<object>
		<name>sem capacete area 1</name>
		<pose>Unspecified</pose>
		<truncated>0</truncated>
		<difficult>0</difficult>
		<bndbox>
			<xmin>686</xmin>
			<ymin>139</ymin>
			<xmax>824</xmax>
			<ymax>461</ymax>
		</bndbox>
	</object>
	<object>
		<name>sem EPI area 1</name>
		<pose>Unspecified</pose>
		<truncated>0</truncated>
		<difficult>0</difficult>
		<bndbox>
			<xmin>292</xmin>
			<ymin>161</ymin>
			<xmax>490</xmax>
			<ymax>476</ymax>
		</bndbox>
	</object>
</annotation>
