<annotation>
	<folder>fotos</folder>
	<filename>fotos_103.jpg</filename>
	<path>/home/stefanipastre/Documentos/novo/fotos/fotos_103.jpg</path>
	<source>
		<database>Unknown</database>
	</source>
	<size>
		<width>1280</width>
		<height>720</height>
		<depth>3</depth>
	</size>
	<segmented>0</segmented>
	<object>
		<name>sem capacete area 3</name>
		<pose>Unspecified</pose>
		<truncated>0</truncated>
		<difficult>0</difficult>
		<bndbox>
			<xmin>582</xmin>
			<ymin>111</ymin>
			<xmax>744</xmax>
			<ymax>397</ymax>
		</bndbox>
	</object>
	<object>
		<name>sem protetor auricular area 2</name>
		<pose>Unspecified</pose>
		<truncated>0</truncated>
		<difficult>0</difficult>
		<bndbox>
			<xmin>903</xmin>
			<ymin>124</ymin>
			<xmax>1100</xmax>
			<ymax>456</ymax>
		</bndbox>
	</object>
	<object>
		<name>sem EPI area 1</name>
		<pose>Unspecified</pose>
		<truncated>0</truncated>
		<difficult>0</difficult>
		<bndbox>
			<xmin>737</xmin>
			<ymin>297</ymin>
			<xmax>957</xmax>
			<ymax>637</ymax>
		</bndbox>
	</object>
</annotation>
