<annotation>
	<folder>fotos</folder>
	<filename>fotos_60.jpg</filename>
	<path>/home/stefanipastre/Documentos/novo/fotos/fotos_60.jpg</path>
	<source>
		<database>Unknown</database>
	</source>
	<size>
		<width>1280</width>
		<height>720</height>
		<depth>3</depth>
	</size>
	<segmented>0</segmented>
	<object>
		<name>EPI incorreto area 2</name>
		<pose>Unspecified</pose>
		<truncated>0</truncated>
		<difficult>0</difficult>
		<bndbox>
			<xmin>865</xmin>
			<ymin>290</ymin>
			<xmax>1162</xmax>
			<ymax>675</ymax>
		</bndbox>
	</object>
	<object>
		<name>sem capacete area 1</name>
		<pose>Unspecified</pose>
		<truncated>0</truncated>
		<difficult>0</difficult>
		<bndbox>
			<xmin>669</xmin>
			<ymin>127</ymin>
			<xmax>857</xmax>
			<ymax>464</ymax>
		</bndbox>
	</object>
	<object>
		<name>sem EPI area 1</name>
		<pose>Unspecified</pose>
		<truncated>0</truncated>
		<difficult>0</difficult>
		<bndbox>
			<xmin>319</xmin>
			<ymin>147</ymin>
			<xmax>484</xmax>
			<ymax>476</ymax>
		</bndbox>
	</object>
</annotation>
