<annotation>
	<folder>fotos</folder>
	<filename>fotos_63.jpg</filename>
	<path>/home/stefanipastre/Documentos/novo/fotos/fotos_63.jpg</path>
	<source>
		<database>Unknown</database>
	</source>
	<size>
		<width>1280</width>
		<height>720</height>
		<depth>3</depth>
	</size>
	<segmented>0</segmented>
	<object>
		<name>EPI incorreto area 2</name>
		<pose>Unspecified</pose>
		<truncated>0</truncated>
		<difficult>0</difficult>
		<bndbox>
			<xmin>765</xmin>
			<ymin>114</ymin>
			<xmax>954</xmax>
			<ymax>457</ymax>
		</bndbox>
	</object>
	<object>
		<name>sem capacete area 1</name>
		<pose>Unspecified</pose>
		<truncated>0</truncated>
		<difficult>0</difficult>
		<bndbox>
			<xmin>558</xmin>
			<ymin>288</ymin>
			<xmax>761</xmax>
			<ymax>641</ymax>
		</bndbox>
	</object>
	<object>
		<name>sem EPI area 1</name>
		<pose>Unspecified</pose>
		<truncated>0</truncated>
		<difficult>0</difficult>
		<bndbox>
			<xmin>343</xmin>
			<ymin>299</ymin>
			<xmax>557</xmax>
			<ymax>623</ymax>
		</bndbox>
	</object>
</annotation>
