<annotation>
	<folder>fotos</folder>
	<filename>fotos_83.jpg</filename>
	<path>/home/stefanipastre/Documentos/novo/fotos/fotos_83.jpg</path>
	<source>
		<database>Unknown</database>
	</source>
	<size>
		<width>1280</width>
		<height>720</height>
		<depth>3</depth>
	</size>
	<segmented>0</segmented>
	<object>
		<name>sem capacete area 1</name>
		<pose>Unspecified</pose>
		<truncated>0</truncated>
		<difficult>0</difficult>
		<bndbox>
			<xmin>772</xmin>
			<ymin>329</ymin>
			<xmax>1027</xmax>
			<ymax>660</ymax>
		</bndbox>
	</object>
	<object>
		<name>sem protetor auricular area 1</name>
		<pose>Unspecified</pose>
		<truncated>0</truncated>
		<difficult>0</difficult>
		<bndbox>
			<xmin>492</xmin>
			<ymin>281</ymin>
			<xmax>719</xmax>
			<ymax>663</ymax>
		</bndbox>
	</object>
</annotation>
