<annotation>
	<folder>fotos</folder>
	<filename>fotos_53.jpg</filename>
	<path>/home/stefanipastre/Documentos/novo/fotos/fotos_53.jpg</path>
	<source>
		<database>Unknown</database>
	</source>
	<size>
		<width>1280</width>
		<height>720</height>
		<depth>3</depth>
	</size>
	<segmented>0</segmented>
	<object>
		<name>EPI incorreto area 2</name>
		<pose>Unspecified</pose>
		<truncated>0</truncated>
		<difficult>0</difficult>
		<bndbox>
			<xmin>895</xmin>
			<ymin>118</ymin>
			<xmax>1113</xmax>
			<ymax>465</ymax>
		</bndbox>
	</object>
	<object>
		<name>sem capacete area 1</name>
		<pose>Unspecified</pose>
		<truncated>0</truncated>
		<difficult>0</difficult>
		<bndbox>
			<xmin>339</xmin>
			<ymin>304</ymin>
			<xmax>600</xmax>
			<ymax>679</ymax>
		</bndbox>
	</object>
	<object>
		<name>sem EPI area 1</name>
		<pose>Unspecified</pose>
		<truncated>0</truncated>
		<difficult>0</difficult>
		<bndbox>
			<xmin>611</xmin>
			<ymin>150</ymin>
			<xmax>776</xmax>
			<ymax>477</ymax>
		</bndbox>
	</object>
</annotation>
