<annotation>
	<folder>fotos</folder>
	<filename>fotos_109.jpg</filename>
	<path>/home/stefanipastre/Documentos/novo/fotos/fotos_109.jpg</path>
	<source>
		<database>Unknown</database>
	</source>
	<size>
		<width>1280</width>
		<height>720</height>
		<depth>3</depth>
	</size>
	<segmented>0</segmented>
	<object>
		<name>sem capacete area 3</name>
		<pose>Unspecified</pose>
		<truncated>0</truncated>
		<difficult>0</difficult>
		<bndbox>
			<xmin>439</xmin>
			<ymin>249</ymin>
			<xmax>656</xmax>
			<ymax>586</ymax>
		</bndbox>
	</object>
	<object>
		<name>sem EPI area 1</name>
		<pose>Unspecified</pose>
		<truncated>0</truncated>
		<difficult>0</difficult>
		<bndbox>
			<xmin>1003</xmin>
			<ymin>244</ymin>
			<xmax>1257</xmax>
			<ymax>589</ymax>
		</bndbox>
	</object>
</annotation>
