<annotation>
	<folder>fotos</folder>
	<filename>fotos_82.jpg</filename>
	<path>/home/stefanipastre/Documentos/novo/fotos/fotos_82.jpg</path>
	<source>
		<database>Unknown</database>
	</source>
	<size>
		<width>1280</width>
		<height>720</height>
		<depth>3</depth>
	</size>
	<segmented>0</segmented>
	<object>
		<name>sem capacete area 1</name>
		<pose>Unspecified</pose>
		<truncated>0</truncated>
		<difficult>0</difficult>
		<bndbox>
			<xmin>718</xmin>
			<ymin>265</ymin>
			<xmax>945</xmax>
			<ymax>626</ymax>
		</bndbox>
	</object>
	<object>
		<name>sem protetor auricular area 1</name>
		<pose>Unspecified</pose>
		<truncated>0</truncated>
		<difficult>0</difficult>
		<bndbox>
			<xmin>508</xmin>
			<ymin>288</ymin>
			<xmax>716</xmax>
			<ymax>637</ymax>
		</bndbox>
	</object>
</annotation>
