<annotation>
	<folder>fotos</folder>
	<filename>fotos_46.jpg</filename>
	<path>/home/stefanipastre/Documentos/novo/fotos/fotos_46.jpg</path>
	<source>
		<database>Unknown</database>
	</source>
	<size>
		<width>1280</width>
		<height>720</height>
		<depth>3</depth>
	</size>
	<segmented>0</segmented>
	<object>
		<name>sem capacete area 3</name>
		<pose>Unspecified</pose>
		<truncated>0</truncated>
		<difficult>0</difficult>
		<bndbox>
			<xmin>181</xmin>
			<ymin>282</ymin>
			<xmax>359</xmax>
			<ymax>618</ymax>
		</bndbox>
	</object>
	<object>
		<name>EPI incorreto area 2</name>
		<pose>Unspecified</pose>
		<truncated>0</truncated>
		<difficult>0</difficult>
		<bndbox>
			<xmin>687</xmin>
			<ymin>116</ymin>
			<xmax>850</xmax>
			<ymax>329</ymax>
		</bndbox>
	</object>
	<object>
		<name>sem EPI area 1</name>
		<pose>Unspecified</pose>
		<truncated>1</truncated>
		<difficult>0</difficult>
		<bndbox>
			<xmin>978</xmin>
			<ymin>200</ymin>
			<xmax>1280</xmax>
			<ymax>539</ymax>
		</bndbox>
	</object>
	<object>
		<name>sem capacete area 1</name>
		<pose>Unspecified</pose>
		<truncated>0</truncated>
		<difficult>0</difficult>
		<bndbox>
			<xmin>659</xmin>
			<ymin>326</ymin>
			<xmax>833</xmax>
			<ymax>686</ymax>
		</bndbox>
	</object>
</annotation>
