<annotation>
	<folder>fotos</folder>
	<filename>fotos_91.jpg</filename>
	<path>/home/stefanipastre/Documentos/novo/fotos/fotos_91.jpg</path>
	<source>
		<database>Unknown</database>
	</source>
	<size>
		<width>1280</width>
		<height>720</height>
		<depth>3</depth>
	</size>
	<segmented>0</segmented>
	<object>
		<name>sem capacete area 3</name>
		<pose>Unspecified</pose>
		<truncated>0</truncated>
		<difficult>0</difficult>
		<bndbox>
			<xmin>291</xmin>
			<ymin>179</ymin>
			<xmax>456</xmax>
			<ymax>503</ymax>
		</bndbox>
	</object>
	<object>
		<name>sem protetor auricular area 2</name>
		<pose>Unspecified</pose>
		<truncated>0</truncated>
		<difficult>0</difficult>
		<bndbox>
			<xmin>895</xmin>
			<ymin>142</ymin>
			<xmax>1101</xmax>
			<ymax>477</ymax>
		</bndbox>
	</object>
	<object>
		<name>sem capacete area 1</name>
		<pose>Unspecified</pose>
		<truncated>0</truncated>
		<difficult>0</difficult>
		<bndbox>
			<xmin>687</xmin>
			<ymin>161</ymin>
			<xmax>865</xmax>
			<ymax>476</ymax>
		</bndbox>
	</object>
	<object>
		<name>sem protetor auricular area 1</name>
		<pose>Unspecified</pose>
		<truncated>0</truncated>
		<difficult>0</difficult>
		<bndbox>
			<xmin>473</xmin>
			<ymin>162</ymin>
			<xmax>643</xmax>
			<ymax>477</ymax>
		</bndbox>
	</object>
	<object>
		<name>extintor sem sinalizar</name>
		<pose>Unspecified</pose>
		<truncated>0</truncated>
		<difficult>0</difficult>
		<bndbox>
			<xmin>1140</xmin>
			<ymin>324</ymin>
			<xmax>1264</xmax>
			<ymax>571</ymax>
		</bndbox>
	</object>
</annotation>
