<annotation>
	<folder>fotos</folder>
	<filename>fotos_16.jpg</filename>
	<path>/home/stefanipastre/Documentos/novo/fotos/fotos_16.jpg</path>
	<source>
		<database>Unknown</database>
	</source>
	<size>
		<width>1280</width>
		<height>720</height>
		<depth>3</depth>
	</size>
	<segmented>0</segmented>
	<object>
		<name>EPI incorreto area 3</name>
		<pose>Unspecified</pose>
		<truncated>0</truncated>
		<difficult>0</difficult>
		<bndbox>
			<xmin>864</xmin>
			<ymin>272</ymin>
			<xmax>1064</xmax>
			<ymax>613</ymax>
		</bndbox>
	</object>
	<object>
		<name>sem protetor auricular area 2</name>
		<pose>Unspecified</pose>
		<truncated>0</truncated>
		<difficult>0</difficult>
		<bndbox>
			<xmin>636</xmin>
			<ymin>154</ymin>
			<xmax>811</xmax>
			<ymax>464</ymax>
		</bndbox>
	</object>
	<object>
		<name>sem protetor auricular area 1</name>
		<pose>Unspecified</pose>
		<truncated>0</truncated>
		<difficult>0</difficult>
		<bndbox>
			<xmin>401</xmin>
			<ymin>185</ymin>
			<xmax>578</xmax>
			<ymax>538</ymax>
		</bndbox>
	</object>
</annotation>
