<annotation>
	<folder>fotos</folder>
	<filename>fotos_14.jpg</filename>
	<path>/home/stefanipastre/Documentos/novo/fotos/fotos_14.jpg</path>
	<source>
		<database>Unknown</database>
	</source>
	<size>
		<width>1280</width>
		<height>720</height>
		<depth>3</depth>
	</size>
	<segmented>0</segmented>
	<object>
		<name>EPI incorreto area 3</name>
		<pose>Unspecified</pose>
		<truncated>0</truncated>
		<difficult>0</difficult>
		<bndbox>
			<xmin>784</xmin>
			<ymin>117</ymin>
			<xmax>923</xmax>
			<ymax>444</ymax>
		</bndbox>
	</object>
	<object>
		<name>sem protetor auricular area 1</name>
		<pose>Unspecified</pose>
		<truncated>0</truncated>
		<difficult>0</difficult>
		<bndbox>
			<xmin>463</xmin>
			<ymin>207</ymin>
			<xmax>638</xmax>
			<ymax>568</ymax>
		</bndbox>
	</object>
</annotation>
