<annotation>
	<folder>fotos</folder>
	<filename>fotos_115.jpg</filename>
	<path>/home/stefanipastre/Documentos/novo/fotos/fotos_115.jpg</path>
	<source>
		<database>Unknown</database>
	</source>
	<size>
		<width>1280</width>
		<height>720</height>
		<depth>3</depth>
	</size>
	<segmented>0</segmented>
	<object>
		<name>sem EPI area 1</name>
		<pose>Unspecified</pose>
		<truncated>0</truncated>
		<difficult>0</difficult>
		<bndbox>
			<xmin>551</xmin>
			<ymin>220</ymin>
			<xmax>734</xmax>
			<ymax>561</ymax>
		</bndbox>
	</object>
</annotation>
