<annotation>
	<folder>fotos</folder>
	<filename>fotos_59.jpg</filename>
	<path>/home/stefanipastre/Documentos/novo/fotos/fotos_59.jpg</path>
	<source>
		<database>Unknown</database>
	</source>
	<size>
		<width>1280</width>
		<height>720</height>
		<depth>3</depth>
	</size>
	<segmented>0</segmented>
	<object>
		<name>EPI incorreto area 2</name>
		<pose>Unspecified</pose>
		<truncated>0</truncated>
		<difficult>0</difficult>
		<bndbox>
			<xmin>870</xmin>
			<ymin>290</ymin>
			<xmax>1151</xmax>
			<ymax>679</ymax>
		</bndbox>
	</object>
	<object>
		<name>sem capacete area 1</name>
		<pose>Unspecified</pose>
		<truncated>0</truncated>
		<difficult>0</difficult>
		<bndbox>
			<xmin>670</xmin>
			<ymin>127</ymin>
			<xmax>862</xmax>
			<ymax>463</ymax>
		</bndbox>
	</object>
	<object>
		<name>sem EPI area 1</name>
		<pose>Unspecified</pose>
		<truncated>0</truncated>
		<difficult>0</difficult>
		<bndbox>
			<xmin>318</xmin>
			<ymin>145</ymin>
			<xmax>489</xmax>
			<ymax>484</ymax>
		</bndbox>
	</object>
</annotation>
