
<annotation>
	<folder>fotos</folder>
	<filename>fotos_70.jpg</filename>
	<path>/home/stefanipastre/Documentos/novo/fotos/fotos_70.jpg</path>
	<source>
		<database>Unknown</database>
	</source>
	<size>
		<width>1280</width>
		<height>720</height>
		<depth>3</depth>
	</size>
	<segmented>0</segmented>
	<object>
		<name>sem capacete area 3</name>
		<pose>Unspecified</pose>
		<truncated>0</truncated>
		<difficult>0</difficult>
		<bndbox>
			<xmin>1032</xmin>
			<ymin>249</ymin>
			<xmax>1262</xmax>
			<ymax>571</ymax>
		</bndbox>
	</object>
	<object>
		<name>sem protetor auricular area 2</name>
		<pose>Unspecified</pose>
		<truncated>0</truncated>
		<difficult>0</difficult>
		<bndbox>
			<xmin>329</xmin>
			<ymin>167</ymin>
			<xmax>499</xmax>
			<ymax>503</ymax>
		</bndbox>
	</object>
	<object>
		<name>sem capacete area 1</name>
		<pose>Unspecified</pose>
		<truncated>0</truncated>
		<difficult>0</difficult>
		<bndbox>
			<xmin>814</xmin>
			<ymin>306</ymin>
			<xmax>1048</xmax>
			<ymax>679</ymax>
		</bndbox>
	</object>
	<object>
		<name>sem protetor auricular area 1</name>
		<pose>Unspecified</pose>
		<truncated>0</truncated>
		<difficult>0</difficult>
		<bndbox>
			<xmin>560</xmin>
			<ymin>170</ymin>
			<xmax>751</xmax>
			<ymax>520</ymax>
		</bndbox>
	</object>
</annotation>
