<annotation>
	<folder>fotos</folder>
	<filename>fotos_24.jpg</filename>
	<path>/home/stefanipastre/Documentos/novo/fotos/fotos_24.jpg</path>
	<source>
		<database>Unknown</database>
	</source>
	<size>
		<width>1280</width>
		<height>720</height>
		<depth>3</depth>
	</size>
	<segmented>0</segmented>
	<object>
		<name>EPI incorreto area 3</name>
		<pose>Unspecified</pose>
		<truncated>0</truncated>
		<difficult>0</difficult>
		<bndbox>
			<xmin>233</xmin>
			<ymin>325</ymin>
			<xmax>486</xmax>
			<ymax>692</ymax>
		</bndbox>
	</object>
	<object>
		<name>sem protetor auricular area 2</name>
		<pose>Unspecified</pose>
		<truncated>0</truncated>
		<difficult>0</difficult>
		<bndbox>
			<xmin>268</xmin>
			<ymin>136</ymin>
			<xmax>466</xmax>
			<ymax>330</ymax>
		</bndbox>
	</object>
	<object>
		<name>sem protetor auricular area 1</name>
		<pose>Unspecified</pose>
		<truncated>0</truncated>
		<difficult>0</difficult>
		<bndbox>
			<xmin>860</xmin>
			<ymin>296</ymin>
			<xmax>1127</xmax>
			<ymax>658</ymax>
		</bndbox>
	</object>
</annotation>
