<annotation>
	<folder>fotos</folder>
	<filename>fotos_12.jpg</filename>
	<path>/home/stefanipastre/Documentos/novo/fotos/fotos_12.jpg</path>
	<source>
		<database>Unknown</database>
	</source>
	<size>
		<width>1280</width>
		<height>720</height>
		<depth>3</depth>
	</size>
	<segmented>0</segmented>
	<object>
		<name>EPI incorreto area 3</name>
		<pose>Unspecified</pose>
		<truncated>0</truncated>
		<difficult>0</difficult>
		<bndbox>
			<xmin>905</xmin>
			<ymin>341</ymin>
			<xmax>1166</xmax>
			<ymax>683</ymax>
		</bndbox>
	</object>
	<object>
		<name>sem protetor auricular area 1</name>
		<pose>Unspecified</pose>
		<truncated>0</truncated>
		<difficult>0</difficult>
		<bndbox>
			<xmin>514</xmin>
			<ymin>279</ymin>
			<xmax>737</xmax>
			<ymax>639</ymax>
		</bndbox>
	</object>
</annotation>
