<annotation>
	<folder>fotos</folder>
	<filename>fotos_17.jpg</filename>
	<path>/home/stefanipastre/Documentos/novo/fotos/fotos_17.jpg</path>
	<source>
		<database>Unknown</database>
	</source>
	<size>
		<width>1280</width>
		<height>720</height>
		<depth>3</depth>
	</size>
	<segmented>0</segmented>
	<object>
		<name>EPI incorreto area 3</name>
		<pose>Unspecified</pose>
		<truncated>0</truncated>
		<difficult>0</difficult>
		<bndbox>
			<xmin>533</xmin>
			<ymin>175</ymin>
			<xmax>719</xmax>
			<ymax>473</ymax>
		</bndbox>
	</object>
	<object>
		<name>sem protetor auricular area 2</name>
		<pose>Unspecified</pose>
		<truncated>0</truncated>
		<difficult>0</difficult>
		<bndbox>
			<xmin>752</xmin>
			<ymin>275</ymin>
			<xmax>947</xmax>
			<ymax>604</ymax>
		</bndbox>
	</object>
	<object>
		<name>sem protetor auricular area 1</name>
		<pose>Unspecified</pose>
		<truncated>0</truncated>
		<difficult>0</difficult>
		<bndbox>
			<xmin>284</xmin>
			<ymin>224</ymin>
			<xmax>459</xmax>
			<ymax>584</ymax>
		</bndbox>
	</object>
</annotation>
