<annotation>
	<folder>fotos</folder>
	<filename>fotos_26.jpg</filename>
	<path>/home/stefanipastre/Documentos/novo/fotos/fotos_26.jpg</path>
	<source>
		<database>Unknown</database>
	</source>
	<size>
		<width>1280</width>
		<height>720</height>
		<depth>3</depth>
	</size>
	<segmented>0</segmented>
	<object>
		<name>EPI incorreto area 3</name>
		<pose>Unspecified</pose>
		<truncated>0</truncated>
		<difficult>0</difficult>
		<bndbox>
			<xmin>638</xmin>
			<ymin>174</ymin>
			<xmax>817</xmax>
			<ymax>525</ymax>
		</bndbox>
	</object>
	<object>
		<name>EPI incorreto area 2</name>
		<pose>Unspecified</pose>
		<truncated>0</truncated>
		<difficult>0</difficult>
		<bndbox>
			<xmin>429</xmin>
			<ymin>221</ymin>
			<xmax>611</xmax>
			<ymax>576</ymax>
		</bndbox>
	</object>
</annotation>
