<annotation>
	<folder>fotos</folder>
	<filename>fotos_50.jpg</filename>
	<path>/home/stefanipastre/Documentos/novo/fotos/fotos_50.jpg</path>
	<source>
		<database>Unknown</database>
	</source>
	<size>
		<width>1280</width>
		<height>720</height>
		<depth>3</depth>
	</size>
	<segmented>0</segmented>
	<object>
		<name>EPI incorreto area 2</name>
		<pose>Unspecified</pose>
		<truncated>0</truncated>
		<difficult>0</difficult>
		<bndbox>
			<xmin>912</xmin>
			<ymin>243</ymin>
			<xmax>1176</xmax>
			<ymax>623</ymax>
		</bndbox>
	</object>
	<object>
		<name>sem EPI area 1</name>
		<pose>Unspecified</pose>
		<truncated>0</truncated>
		<difficult>0</difficult>
		<bndbox>
			<xmin>646</xmin>
			<ymin>329</ymin>
			<xmax>866</xmax>
			<ymax>672</ymax>
		</bndbox>
	</object>
	<object>
		<name>sem capacete area 1</name>
		<pose>Unspecified</pose>
		<truncated>0</truncated>
		<difficult>0</difficult>
		<bndbox>
			<xmin>335</xmin>
			<ymin>304</ymin>
			<xmax>598</xmax>
			<ymax>677</ymax>
		</bndbox>
	</object>
</annotation>
