<annotation>
	<folder>fotos</folder>
	<filename>fotos_129.jpg</filename>
	<path>/home/stefanipastre/Documentos/novo/fotos/fotos_129.jpg</path>
	<source>
		<database>Unknown</database>
	</source>
	<size>
		<width>1280</width>
		<height>720</height>
		<depth>3</depth>
	</size>
	<segmented>0</segmented>
	<object>
		<name>sem protetor auricular area 2</name>
		<pose>Unspecified</pose>
		<truncated>0</truncated>
		<difficult>0</difficult>
		<bndbox>
			<xmin>925</xmin>
			<ymin>227</ymin>
			<xmax>1168</xmax>
			<ymax>578</ymax>
		</bndbox>
	</object>
	<object>
		<name>sem EPI area 1</name>
		<pose>Unspecified</pose>
		<truncated>0</truncated>
		<difficult>0</difficult>
		<bndbox>
			<xmin>706</xmin>
			<ymin>269</ymin>
			<xmax>917</xmax>
			<ymax>604</ymax>
		</bndbox>
	</object>
</annotation>
