<annotation>
	<folder>fotos</folder>
	<filename>fotos_111.jpg</filename>
	<path>/home/stefanipastre/Documentos/novo/fotos/fotos_111.jpg</path>
	<source>
		<database>Unknown</database>
	</source>
	<size>
		<width>1280</width>
		<height>720</height>
		<depth>3</depth>
	</size>
	<segmented>0</segmented>
	<object>
		<name>sem protetor auricular area 2</name>
		<pose>Unspecified</pose>
		<truncated>0</truncated>
		<difficult>0</difficult>
		<bndbox>
			<xmin>426</xmin>
			<ymin>287</ymin>
			<xmax>651</xmax>
			<ymax>631</ymax>
		</bndbox>
	</object>
	<object>
		<name>sem EPI area 1</name>
		<pose>Unspecified</pose>
		<truncated>0</truncated>
		<difficult>0</difficult>
		<bndbox>
			<xmin>942</xmin>
			<ymin>265</ymin>
			<xmax>1177</xmax>
			<ymax>604</ymax>
		</bndbox>
	</object>
</annotation>
