<annotation>
	<folder>fotos</folder>
	<filename>fotos_51.jpg</filename>
	<path>/home/stefanipastre/Documentos/novo/fotos/fotos_51.jpg</path>
	<source>
		<database>Unknown</database>
	</source>
	<size>
		<width>1280</width>
		<height>720</height>
		<depth>3</depth>
	</size>
	<segmented>0</segmented>
	<object>
		<name>EPI incorreto area 2</name>
		<pose>Unspecified</pose>
		<truncated>0</truncated>
		<difficult>0</difficult>
		<bndbox>
			<xmin>823</xmin>
			<ymin>115</ymin>
			<xmax>1027</xmax>
			<ymax>455</ymax>
		</bndbox>
	</object>
	<object>
		<name>sem capacete area 1</name>
		<pose>Unspecified</pose>
		<truncated>0</truncated>
		<difficult>0</difficult>
		<bndbox>
			<xmin>334</xmin>
			<ymin>302</ymin>
			<xmax>603</xmax>
			<ymax>680</ymax>
		</bndbox>
	</object>
	<object>
		<name>sem EPI area 1</name>
		<pose>Unspecified</pose>
		<truncated>0</truncated>
		<difficult>0</difficult>
		<bndbox>
			<xmin>645</xmin>
			<ymin>330</ymin>
			<xmax>866</xmax>
			<ymax>667</ymax>
		</bndbox>
	</object>
</annotation>
