<annotation>
	<folder>fotos</folder>
	<filename>fotos_48.jpg</filename>
	<path>/home/stefanipastre/Documentos/novo/fotos/fotos_48.jpg</path>
	<source>
		<database>Unknown</database>
	</source>
	<size>
		<width>1280</width>
		<height>720</height>
		<depth>3</depth>
	</size>
	<segmented>0</segmented>
	<object>
		<name>EPI incorreto area 2</name>
		<pose>Unspecified</pose>
		<truncated>0</truncated>
		<difficult>0</difficult>
		<bndbox>
			<xmin>674</xmin>
			<ymin>129</ymin>
			<xmax>860</xmax>
			<ymax>487</ymax>
		</bndbox>
	</object>
	<object>
		<name>sem EPI area 1</name>
		<pose>Unspecified</pose>
		<truncated>0</truncated>
		<difficult>0</difficult>
		<bndbox>
			<xmin>888</xmin>
			<ymin>216</ymin>
			<xmax>1116</xmax>
			<ymax>578</ymax>
		</bndbox>
	</object>
	<object>
		<name>sem capacete area 1</name>
		<pose>Unspecified</pose>
		<truncated>0</truncated>
		<difficult>0</difficult>
		<bndbox>
			<xmin>392</xmin>
			<ymin>225</ymin>
			<xmax>595</xmax>
			<ymax>592</ymax>
		</bndbox>
	</object>
</annotation>
