<annotation>
	<folder>fotos</folder>
	<filename>fotos_100.jpg</filename>
	<path>/home/stefanipastre/Documentos/novo/fotos/fotos_100.jpg</path>
	<source>
		<database>Unknown</database>
	</source>
	<size>
		<width>1280</width>
		<height>720</height>
		<depth>3</depth>
	</size>
	<segmented>0</segmented>
	<object>
		<name>sem capacete area 3</name>
		<pose>Unspecified</pose>
		<truncated>0</truncated>
		<difficult>0</difficult>
		<bndbox>
			<xmin>880</xmin>
			<ymin>109</ymin>
			<xmax>1069</xmax>
			<ymax>390</ymax>
		</bndbox>
	</object>
	<object>
		<name>sem protetor auricular area 2</name>
		<pose>Unspecified</pose>
		<truncated>0</truncated>
		<difficult>0</difficult>
		<bndbox>
			<xmin>666</xmin>
			<ymin>91</ymin>
			<xmax>857</xmax>
			<ymax>408</ymax>
		</bndbox>
	</object>
	<object>
		<name>sem EPI area 1</name>
		<pose>Unspecified</pose>
		<truncated>0</truncated>
		<difficult>0</difficult>
		<bndbox>
			<xmin>994</xmin>
			<ymin>217</ymin>
			<xmax>1238</xmax>
			<ymax>553</ymax>
		</bndbox>
	</object>
</annotation>
