<annotation>
	<folder>fotos</folder>
	<filename>fotos_2.jpg</filename>
	<path>/home/stefanipastre/Documentos/novo/fotos/fotos_2.jpg</path>
	<source>
		<database>Unknown</database>
	</source>
	<size>
		<width>1280</width>
		<height>720</height>
		<depth>3</depth>
	</size>
	<segmented>0</segmented>
	<object>
		<name>EPI incorreto area 3</name>
		<pose>Unspecified</pose>
		<truncated>0</truncated>
		<difficult>0</difficult>
		<bndbox>
			<xmin>320</xmin>
			<ymin>186</ymin>
			<xmax>524</xmax>
			<ymax>531</ymax>
		</bndbox>
	</object>
	<object>
		<name>sem protetor auricular area 1</name>
		<pose>Unspecified</pose>
		<truncated>0</truncated>
		<difficult>0</difficult>
		<bndbox>
			<xmin>851</xmin>
			<ymin>262</ymin>
			<xmax>1112</xmax>
			<ymax>617</ymax>
		</bndbox>
	</object>
</annotation>
