<annotation>
	<folder>fotos</folder>
	<filename>fotos_18.jpg</filename>
	<path>/home/stefanipastre/Documentos/novo/fotos/fotos_18.jpg</path>
	<source>
		<database>Unknown</database>
	</source>
	<size>
		<width>1280</width>
		<height>720</height>
		<depth>3</depth>
	</size>
	<segmented>0</segmented>
	<object>
		<name>EPI incorreto area 3</name>
		<pose>Unspecified</pose>
		<truncated>0</truncated>
		<difficult>0</difficult>
		<bndbox>
			<xmin>527</xmin>
			<ymin>152</ymin>
			<xmax>704</xmax>
			<ymax>490</ymax>
		</bndbox>
	</object>
	<object>
		<name>sem protetor auricular area 2</name>
		<pose>Unspecified</pose>
		<truncated>0</truncated>
		<difficult>0</difficult>
		<bndbox>
			<xmin>759</xmin>
			<ymin>267</ymin>
			<xmax>957</xmax>
			<ymax>607</ymax>
		</bndbox>
	</object>
	<object>
		<name>sem protetor auricular area 1</name>
		<pose>Unspecified</pose>
		<truncated>0</truncated>
		<difficult>0</difficult>
		<bndbox>
			<xmin>318</xmin>
			<ymin>217</ymin>
			<xmax>490</xmax>
			<ymax>575</ymax>
		</bndbox>
	</object>
</annotation>
