<annotation>
	<folder>fotos</folder>
	<filename>fotos_107.jpg</filename>
	<path>/home/stefanipastre/Documentos/novo/fotos/fotos_107.jpg</path>
	<source>
		<database>Unknown</database>
	</source>
	<size>
		<width>1280</width>
		<height>720</height>
		<depth>3</depth>
	</size>
	<segmented>0</segmented>
	<object>
		<name>sem capacete area 3</name>
		<pose>Unspecified</pose>
		<truncated>0</truncated>
		<difficult>0</difficult>
		<bndbox>
			<xmin>543</xmin>
			<ymin>235</ymin>
			<xmax>707</xmax>
			<ymax>576</ymax>
		</bndbox>
	</object>
	<object>
		<name>sem EPI area 1</name>
		<pose>Unspecified</pose>
		<truncated>0</truncated>
		<difficult>0</difficult>
		<bndbox>
			<xmin>1104</xmin>
			<ymin>240</ymin>
			<xmax>1279</xmax>
			<ymax>587</ymax>
		</bndbox>
	</object>
</annotation>
