<annotation>
	<folder>fotos</folder>
	<filename>fotos_1.jpg</filename>
	<path>/home/stefanipastre/Documentos/novo/fotos/fotos_1.jpg</path>
	<source>
		<database>Unknown</database>
	</source>
	<size>
		<width>1280</width>
		<height>720</height>
		<depth>3</depth>
	</size>
	<segmented>0</segmented>
	<object>
		<name>EPI incorreto area 3</name>
		<pose>Unspecified</pose>
		<truncated>0</truncated>
		<difficult>0</difficult>
		<bndbox>
			<xmin>571</xmin>
			<ymin>232</ymin>
			<xmax>744</xmax>
			<ymax>566</ymax>
		</bndbox>
	</object>
	<object>
		<name>sem protetor auricular area 1</name>
		<pose>Unspecified</pose>
		<truncated>0</truncated>
		<difficult>0</difficult>
		<bndbox>
			<xmin>813</xmin>
			<ymin>252</ymin>
			<xmax>1031</xmax>
			<ymax>609</ymax>
		</bndbox>
	</object>
</annotation>
