<annotation>
	<folder>fotos</folder>
	<filename>fotos_127.jpg</filename>
	<path>/home/stefanipastre/Documentos/novo/fotos/fotos_127.jpg</path>
	<source>
		<database>Unknown</database>
	</source>
	<size>
		<width>1280</width>
		<height>720</height>
		<depth>3</depth>
	</size>
	<segmented>0</segmented>
	<object>
		<name>sem protetor auricular area 2</name>
		<pose>Unspecified</pose>
		<truncated>0</truncated>
		<difficult>0</difficult>
		<bndbox>
			<xmin>815</xmin>
			<ymin>167</ymin>
			<xmax>976</xmax>
			<ymax>497</ymax>
		</bndbox>
	</object>
	<object>
		<name>sem EPI area 1</name>
		<pose>Unspecified</pose>
		<truncated>0</truncated>
		<difficult>0</difficult>
		<bndbox>
			<xmin>927</xmin>
			<ymin>290</ymin>
			<xmax>1144</xmax>
			<ymax>620</ymax>
		</bndbox>
	</object>
</annotation>
