<annotation>
	<folder>fotos</folder>
	<filename>fotos_11.jpg</filename>
	<path>/home/stefanipastre/Documentos/novo/fotos/fotos_11.jpg</path>
	<source>
		<database>Unknown</database>
	</source>
	<size>
		<width>1280</width>
		<height>720</height>
		<depth>3</depth>
	</size>
	<segmented>0</segmented>
	<object>
		<name>EPI incorreto area 3</name>
		<pose>Unspecified</pose>
		<truncated>0</truncated>
		<difficult>0</difficult>
		<bndbox>
			<xmin>878</xmin>
			<ymin>151</ymin>
			<xmax>1076</xmax>
			<ymax>456</ymax>
		</bndbox>
	</object>
	<object>
		<name>sem protetor auricular area 1</name>
		<pose>Unspecified</pose>
		<truncated>0</truncated>
		<difficult>0</difficult>
		<bndbox>
			<xmin>244</xmin>
			<ymin>117</ymin>
			<xmax>432</xmax>
			<ymax>452</ymax>
		</bndbox>
	</object>
</annotation>
