<annotation>
	<folder>fotos</folder>
	<filename>fotos_21.jpg</filename>
	<path>/home/stefanipastre/Documentos/novo/fotos/fotos_21.jpg</path>
	<source>
		<database>Unknown</database>
	</source>
	<size>
		<width>1280</width>
		<height>720</height>
		<depth>3</depth>
	</size>
	<segmented>0</segmented>
	<object>
		<name>EPI incorreto area 3</name>
		<pose>Unspecified</pose>
		<truncated>0</truncated>
		<difficult>0</difficult>
		<bndbox>
			<xmin>546</xmin>
			<ymin>107</ymin>
			<xmax>708</xmax>
			<ymax>430</ymax>
		</bndbox>
	</object>
	<object>
		<name>sem protetor auricular area 2</name>
		<pose>Unspecified</pose>
		<truncated>0</truncated>
		<difficult>0</difficult>
		<bndbox>
			<xmin>879</xmin>
			<ymin>184</ymin>
			<xmax>1099</xmax>
			<ymax>510</ymax>
		</bndbox>
	</object>
	<object>
		<name>sem protetor auricular area 1</name>
		<pose>Unspecified</pose>
		<truncated>0</truncated>
		<difficult>0</difficult>
		<bndbox>
			<xmin>231</xmin>
			<ymin>313</ymin>
			<xmax>431</xmax>
			<ymax>690</ymax>
		</bndbox>
	</object>
</annotation>
