<annotation>
	<folder>fotos</folder>
	<filename>fotos_56.jpg</filename>
	<path>/home/stefanipastre/Documentos/novo/fotos/fotos_56.jpg</path>
	<source>
		<database>Unknown</database>
	</source>
	<size>
		<width>1280</width>
		<height>720</height>
		<depth>3</depth>
	</size>
	<segmented>0</segmented>
	<object>
		<name>EPI incorreto area 2</name>
		<pose>Unspecified</pose>
		<truncated>0</truncated>
		<difficult>0</difficult>
		<bndbox>
			<xmin>820</xmin>
			<ymin>203</ymin>
			<xmax>1034</xmax>
			<ymax>568</ymax>
		</bndbox>
	</object>
	<object>
		<name>sem capacete area 1</name>
		<pose>Unspecified</pose>
		<truncated>0</truncated>
		<difficult>0</difficult>
		<bndbox>
			<xmin>588</xmin>
			<ymin>177</ymin>
			<xmax>764</xmax>
			<ymax>537</ymax>
		</bndbox>
	</object>
	<object>
		<name>sem EPI area 1</name>
		<pose>Unspecified</pose>
		<truncated>0</truncated>
		<difficult>0</difficult>
		<bndbox>
			<xmin>298</xmin>
			<ymin>150</ymin>
			<xmax>491</xmax>
			<ymax>470</ymax>
		</bndbox>
	</object>
</annotation>
