<annotation>
	<folder>fotos</folder>
	<filename>fotos_126.jpg</filename>
	<path>/home/stefanipastre/Documentos/novo/fotos/fotos_126.jpg</path>
	<source>
		<database>Unknown</database>
	</source>
	<size>
		<width>1280</width>
		<height>720</height>
		<depth>3</depth>
	</size>
	<segmented>0</segmented>
	<object>
		<name>sem capacete area 3</name>
		<pose>Unspecified</pose>
		<truncated>0</truncated>
		<difficult>0</difficult>
		<bndbox>
			<xmin>730</xmin>
			<ymin>176</ymin>
			<xmax>934</xmax>
			<ymax>485</ymax>
		</bndbox>
	</object>
	<object>
		<name>sem protetor auricular area 2</name>
		<pose>Unspecified</pose>
		<truncated>0</truncated>
		<difficult>0</difficult>
		<bndbox>
			<xmin>504</xmin>
			<ymin>123</ymin>
			<xmax>681</xmax>
			<ymax>445</ymax>
		</bndbox>
	</object>
	<object>
		<name>sem EPI area 1</name>
		<pose>Unspecified</pose>
		<truncated>0</truncated>
		<difficult>0</difficult>
		<bndbox>
			<xmin>944</xmin>
			<ymin>268</ymin>
			<xmax>1168</xmax>
			<ymax>622</ymax>
		</bndbox>
	</object>
</annotation>
