<annotation>
	<folder>fotos</folder>
	<filename>fotos_19.jpg</filename>
	<path>/home/stefanipastre/Documentos/novo/fotos/fotos_19.jpg</path>
	<source>
		<database>Unknown</database>
	</source>
	<size>
		<width>1280</width>
		<height>720</height>
		<depth>3</depth>
	</size>
	<segmented>0</segmented>
	<object>
		<name>EPI incorreto area 3</name>
		<pose>Unspecified</pose>
		<truncated>0</truncated>
		<difficult>0</difficult>
		<bndbox>
			<xmin>535</xmin>
			<ymin>152</ymin>
			<xmax>711</xmax>
			<ymax>487</ymax>
		</bndbox>
	</object>
	<object>
		<name>sem protetor auricular area 2</name>
		<pose>Unspecified</pose>
		<truncated>0</truncated>
		<difficult>0</difficult>
		<bndbox>
			<xmin>796</xmin>
			<ymin>250</ymin>
			<xmax>1012</xmax>
			<ymax>595</ymax>
		</bndbox>
	</object>
	<object>
		<name>sem protetor auricular area 1</name>
		<pose>Unspecified</pose>
		<truncated>0</truncated>
		<difficult>0</difficult>
		<bndbox>
			<xmin>332</xmin>
			<ymin>203</ymin>
			<xmax>491</xmax>
			<ymax>562</ymax>
		</bndbox>
	</object>
</annotation>
