<annotation>
	<folder>fotos</folder>
	<filename>fotos_23.jpg</filename>
	<path>/home/stefanipastre/Documentos/novo/fotos/fotos_23.jpg</path>
	<source>
		<database>Unknown</database>
	</source>
	<size>
		<width>1280</width>
		<height>720</height>
		<depth>3</depth>
	</size>
	<segmented>0</segmented>
	<object>
		<name>EPI incorreto area 3</name>
		<pose>Unspecified</pose>
		<truncated>0</truncated>
		<difficult>0</difficult>
		<bndbox>
			<xmin>231</xmin>
			<ymin>321</ymin>
			<xmax>475</xmax>
			<ymax>701</ymax>
		</bndbox>
	</object>
	<object>
		<name>sem protetor auricular area 2</name>
		<pose>Unspecified</pose>
		<truncated>0</truncated>
		<difficult>0</difficult>
		<bndbox>
			<xmin>944</xmin>
			<ymin>294</ymin>
			<xmax>1191</xmax>
			<ymax>624</ymax>
		</bndbox>
	</object>
	<object>
		<name>sem protetor auricular area 1</name>
		<pose>Unspecified</pose>
		<truncated>0</truncated>
		<difficult>0</difficult>
		<bndbox>
			<xmin>524</xmin>
			<ymin>170</ymin>
			<xmax>700</xmax>
			<ymax>504</ymax>
		</bndbox>
	</object>
</annotation>
