<annotation>
	<folder>fotos</folder>
	<filename>fotos_22.jpg</filename>
	<path>/home/stefanipastre/Documentos/novo/fotos/fotos_22.jpg</path>
	<source>
		<database>Unknown</database>
	</source>
	<size>
		<width>1280</width>
		<height>720</height>
		<depth>3</depth>
	</size>
	<segmented>0</segmented>
	<object>
		<name>EPI incorreto area 3</name>
		<pose>Unspecified</pose>
		<truncated>0</truncated>
		<difficult>0</difficult>
		<bndbox>
			<xmin>428</xmin>
			<ymin>104</ymin>
			<xmax>556</xmax>
			<ymax>431</ymax>
		</bndbox>
	</object>
	<object>
		<name>sem protetor auricular area 2</name>
		<pose>Unspecified</pose>
		<truncated>0</truncated>
		<difficult>0</difficult>
		<bndbox>
			<xmin>838</xmin>
			<ymin>228</ymin>
			<xmax>1044</xmax>
			<ymax>560</ymax>
		</bndbox>
	</object>
	<object>
		<name>sem protetor auricular area 1</name>
		<pose>Unspecified</pose>
		<truncated>0</truncated>
		<difficult>0</difficult>
		<bndbox>
			<xmin>630</xmin>
			<ymin>124</ymin>
			<xmax>810</xmax>
			<ymax>453</ymax>
		</bndbox>
	</object>
</annotation>
