<annotation>
	<folder>fotos</folder>
	<filename>fotos_8.jpg</filename>
	<path>/home/stefanipastre/Documentos/novo/fotos/fotos_8.jpg</path>
	<source>
		<database>Unknown</database>
	</source>
	<size>
		<width>1280</width>
		<height>720</height>
		<depth>3</depth>
	</size>
	<segmented>0</segmented>
	<object>
		<name>EPI incorreto area 3</name>
		<pose>Unspecified</pose>
		<truncated>0</truncated>
		<difficult>0</difficult>
		<bndbox>
			<xmin>431</xmin>
			<ymin>295</ymin>
			<xmax>612</xmax>
			<ymax>640</ymax>
		</bndbox>
	</object>
	<object>
		<name>sem protetor auricular area 1</name>
		<pose>Unspecified</pose>
		<truncated>0</truncated>
		<difficult>0</difficult>
		<bndbox>
			<xmin>788</xmin>
			<ymin>274</ymin>
			<xmax>1005</xmax>
			<ymax>630</ymax>
		</bndbox>
	</object>
</annotation>
