<annotation>
	<folder>fotos</folder>
	<filename>fotos_28.jpg</filename>
	<path>/home/stefanipastre/Documentos/novo/fotos/fotos_28.jpg</path>
	<source>
		<database>Unknown</database>
	</source>
	<size>
		<width>1280</width>
		<height>720</height>
		<depth>3</depth>
	</size>
	<segmented>0</segmented>
	<object>
		<name>EPI incorreto area 2</name>
		<pose>Unspecified</pose>
		<truncated>0</truncated>
		<difficult>0</difficult>
		<bndbox>
			<xmin>442</xmin>
			<ymin>167</ymin>
			<xmax>644</xmax>
			<ymax>529</ymax>
		</bndbox>
	</object>
	<object>
		<name>sem capacete area 1</name>
		<pose>Unspecified</pose>
		<truncated>0</truncated>
		<difficult>0</difficult>
		<bndbox>
			<xmin>831</xmin>
			<ymin>108</ymin>
			<xmax>1037</xmax>
			<ymax>457</ymax>
		</bndbox>
	</object>
</annotation>
