<annotation>
	<folder>fotos</folder>
	<filename>fotos_104.jpg</filename>
	<path>/home/stefanipastre/Documentos/novo/fotos/fotos_104.jpg</path>
	<source>
		<database>Unknown</database>
	</source>
	<size>
		<width>1280</width>
		<height>720</height>
		<depth>3</depth>
	</size>
	<segmented>0</segmented>
	<object>
		<name>sem capacete area 3</name>
		<pose>Unspecified</pose>
		<truncated>0</truncated>
		<difficult>0</difficult>
		<bndbox>
			<xmin>664</xmin>
			<ymin>254</ymin>
			<xmax>857</xmax>
			<ymax>603</ymax>
		</bndbox>
	</object>
	<object>
		<name>sem EPI area 1</name>
		<pose>Unspecified</pose>
		<truncated>0</truncated>
		<difficult>0</difficult>
		<bndbox>
			<xmin>879</xmin>
			<ymin>126</ymin>
			<xmax>1068</xmax>
			<ymax>448</ymax>
		</bndbox>
	</object>
	<object>
		<name>sem protetor auricular area 2</name>
		<pose>Unspecified</pose>
		<truncated>0</truncated>
		<difficult>0</difficult>
		<bndbox>
			<xmin>1029</xmin>
			<ymin>229</ymin>
			<xmax>1277</xmax>
			<ymax>604</ymax>
		</bndbox>
	</object>
</annotation>
