<annotation>
	<folder>fotos</folder>
	<filename>fotos_125.jpg</filename>
	<path>/home/stefanipastre/Documentos/novo/fotos/fotos_125.jpg</path>
	<source>
		<database>Unknown</database>
	</source>
	<size>
		<width>1280</width>
		<height>720</height>
		<depth>3</depth>
	</size>
	<segmented>0</segmented>
	<object>
		<name>sem capacete area 3</name>
		<pose>Unspecified</pose>
		<truncated>0</truncated>
		<difficult>0</difficult>
		<bndbox>
			<xmin>651</xmin>
			<ymin>154</ymin>
			<xmax>839</xmax>
			<ymax>477</ymax>
		</bndbox>
	</object>
	<object>
		<name>sem EPI area 1</name>
		<pose>Unspecified</pose>
		<truncated>0</truncated>
		<difficult>0</difficult>
		<bndbox>
			<xmin>940</xmin>
			<ymin>268</ymin>
			<xmax>1175</xmax>
			<ymax>624</ymax>
		</bndbox>
	</object>
</annotation>
