<annotation>
	<folder>fotos</folder>
	<filename>fotos_49.jpg</filename>
	<path>/home/stefanipastre/Documentos/novo/fotos/fotos_49.jpg</path>
	<source>
		<database>Unknown</database>
	</source>
	<size>
		<width>1280</width>
		<height>720</height>
		<depth>3</depth>
	</size>
	<segmented>0</segmented>
	<object>
		<name>EPI incorreto area 2</name>
		<pose>Unspecified</pose>
		<truncated>0</truncated>
		<difficult>0</difficult>
		<bndbox>
			<xmin>914</xmin>
			<ymin>244</ymin>
			<xmax>1161</xmax>
			<ymax>604</ymax>
		</bndbox>
	</object>
	<object>
		<name>sem capacete area 1</name>
		<pose>Unspecified</pose>
		<truncated>0</truncated>
		<difficult>0</difficult>
		<bndbox>
			<xmin>360</xmin>
			<ymin>276</ymin>
			<xmax>548</xmax>
			<ymax>615</ymax>
		</bndbox>
	</object>
	<object>
		<name>sem EPI area 1</name>
		<pose>Unspecified</pose>
		<truncated>0</truncated>
		<difficult>0</difficult>
		<bndbox>
			<xmin>592</xmin>
			<ymin>129</ymin>
			<xmax>777</xmax>
			<ymax>427</ymax>
		</bndbox>
	</object>
</annotation>
