<annotation>
	<folder>fotos</folder>
	<filename>fotos_25.jpg</filename>
	<path>/home/stefanipastre/Documentos/novo/fotos/fotos_25.jpg</path>
	<source>
		<database>Unknown</database>
	</source>
	<size>
		<width>1280</width>
		<height>720</height>
		<depth>3</depth>
	</size>
	<segmented>0</segmented>
	<object>
		<name>EPI incorreto area 3</name>
		<pose>Unspecified</pose>
		<truncated>0</truncated>
		<difficult>0</difficult>
		<bndbox>
			<xmin>603</xmin>
			<ymin>184</ymin>
			<xmax>777</xmax>
			<ymax>531</ymax>
		</bndbox>
	</object>
	<object>
		<name>sem protetor auricular area 2</name>
		<pose>Unspecified</pose>
		<truncated>0</truncated>
		<difficult>0</difficult>
		<bndbox>
			<xmin>266</xmin>
			<ymin>130</ymin>
			<xmax>457</xmax>
			<ymax>460</ymax>
		</bndbox>
	</object>
	<object>
		<name>sem protetor auricular area 1</name>
		<pose>Unspecified</pose>
		<truncated>0</truncated>
		<difficult>0</difficult>
		<bndbox>
			<xmin>863</xmin>
			<ymin>311</ymin>
			<xmax>1124</xmax>
			<ymax>662</ymax>
		</bndbox>
	</object>
</annotation>
