<annotation>
	<folder>fotos</folder>
	<filename>fotos_55.jpg</filename>
	<path>/home/stefanipastre/Documentos/novo/fotos/fotos_55.jpg</path>
	<source>
		<database>Unknown</database>
	</source>
	<size>
		<width>1280</width>
		<height>720</height>
		<depth>3</depth>
	</size>
	<segmented>0</segmented>
	<object>
		<name>EPI incorreto area 2</name>
		<pose>Unspecified</pose>
		<truncated>0</truncated>
		<difficult>0</difficult>
		<bndbox>
			<xmin>870</xmin>
			<ymin>250</ymin>
			<xmax>1138</xmax>
			<ymax>632</ymax>
		</bndbox>
	</object>
	<object>
		<name>sem capacete area 1</name>
		<pose>Unspecified</pose>
		<truncated>0</truncated>
		<difficult>0</difficult>
		<bndbox>
			<xmin>600</xmin>
			<ymin>113</ymin>
			<xmax>793</xmax>
			<ymax>445</ymax>
		</bndbox>
	</object>
	<object>
		<name>sem EPI area 1</name>
		<pose>Unspecified</pose>
		<truncated>0</truncated>
		<difficult>0</difficult>
		<bndbox>
			<xmin>217</xmin>
			<ymin>288</ymin>
			<xmax>428</xmax>
			<ymax>629</ymax>
		</bndbox>
	</object>
</annotation>
