<annotation>
	<folder>fotos</folder>
	<filename>fotos_58.jpg</filename>
	<path>/home/stefanipastre/Documentos/novo/fotos/fotos_58.jpg</path>
	<source>
		<database>Unknown</database>
	</source>
	<size>
		<width>1280</width>
		<height>720</height>
		<depth>3</depth>
	</size>
	<segmented>0</segmented>
	<object>
		<name>EPI incorreto area 2</name>
		<pose>Unspecified</pose>
		<truncated>0</truncated>
		<difficult>0</difficult>
		<bndbox>
			<xmin>907</xmin>
			<ymin>186</ymin>
			<xmax>1177</xmax>
			<ymax>564</ymax>
		</bndbox>
	</object>
	<object>
		<name>sem capacete area 1</name>
		<pose>Unspecified</pose>
		<truncated>0</truncated>
		<difficult>0</difficult>
		<bndbox>
			<xmin>675</xmin>
			<ymin>130</ymin>
			<xmax>857</xmax>
			<ymax>469</ymax>
		</bndbox>
	</object>
	<object>
		<name>sem EPI area 1</name>
		<pose>Unspecified</pose>
		<truncated>0</truncated>
		<difficult>0</difficult>
		<bndbox>
			<xmin>317</xmin>
			<ymin>147</ymin>
			<xmax>485</xmax>
			<ymax>480</ymax>
		</bndbox>
	</object>
</annotation>
