<annotation>
	<folder>fotos</folder>
	<filename>fotos_105.jpg</filename>
	<path>/home/stefanipastre/Documentos/novo/fotos/fotos_105.jpg</path>
	<source>
		<database>Unknown</database>
	</source>
	<size>
		<width>1280</width>
		<height>720</height>
		<depth>3</depth>
	</size>
	<segmented>0</segmented>
	<object>
		<name>sem capacete area 3</name>
		<pose>Unspecified</pose>
		<truncated>0</truncated>
		<difficult>0</difficult>
		<bndbox>
			<xmin>664</xmin>
			<ymin>253</ymin>
			<xmax>864</xmax>
			<ymax>599</ymax>
		</bndbox>
	</object>
	<object>
		<name>sem EPI area 1</name>
		<pose>Unspecified</pose>
		<truncated>0</truncated>
		<difficult>0</difficult>
		<bndbox>
			<xmin>981</xmin>
			<ymin>203</ymin>
			<xmax>1217</xmax>
			<ymax>554</ymax>
		</bndbox>
	</object>
</annotation>
