<annotation>
	<folder>fotos</folder>
	<filename>fotos_3.jpg</filename>
	<path>/home/stefanipastre/Documentos/novo/fotos/fotos_3.jpg</path>
	<source>
		<database>Unknown</database>
	</source>
	<size>
		<width>1280</width>
		<height>720</height>
		<depth>3</depth>
	</size>
	<segmented>0</segmented>
	<object>
		<name>EPI incorreto area 3</name>
		<pose>Unspecified</pose>
		<truncated>0</truncated>
		<difficult>0</difficult>
		<bndbox>
			<xmin>316</xmin>
			<ymin>180</ymin>
			<xmax>518</xmax>
			<ymax>532</ymax>
		</bndbox>
	</object>
	<object>
		<name>sem protetor auricular area 1</name>
		<pose>Unspecified</pose>
		<truncated>0</truncated>
		<difficult>0</difficult>
		<bndbox>
			<xmin>861</xmin>
			<ymin>262</ymin>
			<xmax>1105</xmax>
			<ymax>606</ymax>
		</bndbox>
	</object>
</annotation>
