<annotation>
	<folder>fotos</folder>
	<filename>fotos_65.jpg</filename>
	<path>/home/stefanipastre/Documentos/novo/fotos/fotos_65.jpg</path>
	<source>
		<database>Unknown</database>
	</source>
	<size>
		<width>1280</width>
		<height>720</height>
		<depth>3</depth>
	</size>
	<segmented>0</segmented>
	<object>
		<name>sem capacete area 3</name>
		<pose>Unspecified</pose>
		<truncated>0</truncated>
		<difficult>0</difficult>
		<bndbox>
			<xmin>986</xmin>
			<ymin>120</ymin>
			<xmax>1152</xmax>
			<ymax>430</ymax>
		</bndbox>
	</object>
	<object>
		<name>sem protetor auricular area 2</name>
		<pose>Unspecified</pose>
		<truncated>0</truncated>
		<difficult>0</difficult>
		<bndbox>
			<xmin>313</xmin>
			<ymin>162</ymin>
			<xmax>508</xmax>
			<ymax>490</ymax>
		</bndbox>
	</object>
	<object>
		<name>sem protetor auricular area 1</name>
		<pose>Unspecified</pose>
		<truncated>0</truncated>
		<difficult>0</difficult>
		<bndbox>
			<xmin>510</xmin>
			<ymin>333</ymin>
			<xmax>728</xmax>
			<ymax>694</ymax>
		</bndbox>
	</object>
	<object>
		<name>sem capacete area 1</name>
		<pose>Unspecified</pose>
		<truncated>0</truncated>
		<difficult>0</difficult>
		<bndbox>
			<xmin>758</xmin>
			<ymin>346</ymin>
			<xmax>1022</xmax>
			<ymax>695</ymax>
		</bndbox>
	</object>
</annotation>
