<annotation>
	<folder>fotos</folder>
	<filename>fotos_61.jpg</filename>
	<path>/home/stefanipastre/Documentos/novo/fotos/fotos_61.jpg</path>
	<source>
		<database>Unknown</database>
	</source>
	<size>
		<width>1280</width>
		<height>720</height>
		<depth>3</depth>
	</size>
	<segmented>0</segmented>
	<object>
		<name>EPI incorreto area 2</name>
		<pose>Unspecified</pose>
		<truncated>0</truncated>
		<difficult>0</difficult>
		<bndbox>
			<xmin>899</xmin>
			<ymin>244</ymin>
			<xmax>1108</xmax>
			<ymax>618</ymax>
		</bndbox>
	</object>
	<object>
		<name>sem capacete area 1</name>
		<pose>Unspecified</pose>
		<truncated>0</truncated>
		<difficult>0</difficult>
		<bndbox>
			<xmin>692</xmin>
			<ymin>141</ymin>
			<xmax>824</xmax>
			<ymax>464</ymax>
		</bndbox>
	</object>
	<object>
		<name>sem EPI area 1</name>
		<pose>Unspecified</pose>
		<truncated>0</truncated>
		<difficult>0</difficult>
		<bndbox>
			<xmin>292</xmin>
			<ymin>155</ymin>
			<xmax>480</xmax>
			<ymax>471</ymax>
		</bndbox>
	</object>
</annotation>
