<annotation>
	<folder>fotos</folder>
	<filename>fotos_52.jpg</filename>
	<path>/home/stefanipastre/Documentos/novo/fotos/fotos_52.jpg</path>
	<source>
		<database>Unknown</database>
	</source>
	<size>
		<width>1280</width>
		<height>720</height>
		<depth>3</depth>
	</size>
	<segmented>0</segmented>
	<object>
		<name>EPI incorreto area 2</name>
		<pose>Unspecified</pose>
		<truncated>0</truncated>
		<difficult>0</difficult>
		<bndbox>
			<xmin>900</xmin>
			<ymin>121</ymin>
			<xmax>1111</xmax>
			<ymax>467</ymax>
		</bndbox>
	</object>
	<object>
		<name>sem capacete area 1</name>
		<pose>Unspecified</pose>
		<truncated>0</truncated>
		<difficult>0</difficult>
		<bndbox>
			<xmin>338</xmin>
			<ymin>306</ymin>
			<xmax>598</xmax>
			<ymax>677</ymax>
		</bndbox>
	</object>
	<object>
		<name>sem EPI area 1</name>
		<pose>Unspecified</pose>
		<truncated>0</truncated>
		<difficult>0</difficult>
		<bndbox>
			<xmin>639</xmin>
			<ymin>319</ymin>
			<xmax>868</xmax>
			<ymax>675</ymax>
		</bndbox>
	</object>
</annotation>
