<annotation>
	<folder>fotos</folder>
	<filename>fotos_27.jpg</filename>
	<path>/home/stefanipastre/Documentos/novo/fotos/fotos_27.jpg</path>
	<source>
		<database>Unknown</database>
	</source>
	<size>
		<width>1280</width>
		<height>720</height>
		<depth>3</depth>
	</size>
	<segmented>0</segmented>
	<object>
		<name>EPI incorreto area 2</name>
		<pose>Unspecified</pose>
		<truncated>0</truncated>
		<difficult>0</difficult>
		<bndbox>
			<xmin>430</xmin>
			<ymin>215</ymin>
			<xmax>622</xmax>
			<ymax>575</ymax>
		</bndbox>
	</object>
	<object>
		<name>sem capacete area 1</name>
		<pose>Unspecified</pose>
		<truncated>0</truncated>
		<difficult>0</difficult>
		<bndbox>
			<xmin>830</xmin>
			<ymin>112</ymin>
			<xmax>1038</xmax>
			<ymax>455</ymax>
		</bndbox>
	</object>
</annotation>
