<annotation>
	<folder>fotos</folder>
	<filename>fotos_108.jpg</filename>
	<path>/home/stefanipastre/Documentos/novo/fotos/fotos_108.jpg</path>
	<source>
		<database>Unknown</database>
	</source>
	<size>
		<width>1280</width>
		<height>720</height>
		<depth>3</depth>
	</size>
	<segmented>0</segmented>
	<object>
		<name>sem capacete area 3</name>
		<pose>Unspecified</pose>
		<truncated>0</truncated>
		<difficult>0</difficult>
		<bndbox>
			<xmin>550</xmin>
			<ymin>231</ymin>
			<xmax>709</xmax>
			<ymax>574</ymax>
		</bndbox>
	</object>
	<object>
		<name>sem EPI area 1</name>
		<pose>Unspecified</pose>
		<truncated>0</truncated>
		<difficult>0</difficult>
		<bndbox>
			<xmin>987</xmin>
			<ymin>275</ymin>
			<xmax>1231</xmax>
			<ymax>628</ymax>
		</bndbox>
	</object>
</annotation>
