<annotation>
	<folder>fotos</folder>
	<filename>fotos_5.jpg</filename>
	<path>/home/stefanipastre/Documentos/novo/fotos/fotos_5.jpg</path>
	<source>
		<database>Unknown</database>
	</source>
	<size>
		<width>1280</width>
		<height>720</height>
		<depth>3</depth>
	</size>
	<segmented>0</segmented>
	<object>
		<name>EPI incorreto area 3</name>
		<pose>Unspecified</pose>
		<truncated>0</truncated>
		<difficult>0</difficult>
		<bndbox>
			<xmin>467</xmin>
			<ymin>150</ymin>
			<xmax>618</xmax>
			<ymax>490</ymax>
		</bndbox>
	</object>
	<object>
		<name>sem protetor auricular area 1</name>
		<pose>Unspecified</pose>
		<truncated>0</truncated>
		<difficult>0</difficult>
		<bndbox>
			<xmin>805</xmin>
			<ymin>133</ymin>
			<xmax>993</xmax>
			<ymax>464</ymax>
		</bndbox>
	</object>
</annotation>
