<annotation>
	<folder>extintor update</folder>
	<filename>novo_28.jpg</filename>
	<path>/home/stefanipastre/Documentos/novo/extintor update/novo_28.jpg</path>
	<source>
		<database>Unknown</database>
	</source>
	<size>
		<width>1280</width>
		<height>720</height>
		<depth>3</depth>
	</size>
	<segmented>0</segmented>
	<object>
		<name>extintor sem sinalizar</name>
		<pose>Unspecified</pose>
		<truncated>0</truncated>
		<difficult>0</difficult>
		<bndbox>
			<xmin>222</xmin>
			<ymin>396</ymin>
			<xmax>373</xmax>
			<ymax>577</ymax>
		</bndbox>
	</object>
	<object>
		<name>extintor sem sinalizar</name>
		<pose>Unspecified</pose>
		<truncated>0</truncated>
		<difficult>0</difficult>
		<bndbox>
			<xmin>1011</xmin>
			<ymin>367</ymin>
			<xmax>1158</xmax>
			<ymax>570</ymax>
		</bndbox>
	</object>
	<object>
		<name>sem extintor</name>
		<pose>Unspecified</pose>
		<truncated>0</truncated>
		<difficult>0</difficult>
		<bndbox>
			<xmin>565</xmin>
			<ymin>173</ymin>
			<xmax>704</xmax>
			<ymax>450</ymax>
		</bndbox>
	</object>
</annotation>
