<annotation>
	<folder>extintor update</folder>
	<filename>novo_10.jpg</filename>
	<path>/home/stefanipastre/Documentos/novo/extintor update/novo_10.jpg</path>
	<source>
		<database>Unknown</database>
	</source>
	<size>
		<width>1280</width>
		<height>720</height>
		<depth>3</depth>
	</size>
	<segmented>0</segmented>
	<object>
		<name>extintor sem sinalizar</name>
		<pose>Unspecified</pose>
		<truncated>0</truncated>
		<difficult>0</difficult>
		<bndbox>
			<xmin>634</xmin>
			<ymin>168</ymin>
			<xmax>730</xmax>
			<ymax>370</ymax>
		</bndbox>
	</object>
	<object>
		<name>sem EPI area 1</name>
		<pose>Unspecified</pose>
		<truncated>0</truncated>
		<difficult>0</difficult>
		<bndbox>
			<xmin>792</xmin>
			<ymin>122</ymin>
			<xmax>1011</xmax>
			<ymax>478</ymax>
		</bndbox>
	</object>
</annotation>
