<annotation>
	<folder>extintor update</folder>
	<filename>novo_8.jpg</filename>
	<path>/home/stefanipastre/Documentos/novo/extintor update/novo_8.jpg</path>
	<source>
		<database>Unknown</database>
	</source>
	<size>
		<width>1280</width>
		<height>720</height>
		<depth>3</depth>
	</size>
	<segmented>0</segmented>
	<object>
		<name>extintor sem sinalizar</name>
		<pose>Unspecified</pose>
		<truncated>0</truncated>
		<difficult>0</difficult>
		<bndbox>
			<xmin>571</xmin>
			<ymin>185</ymin>
			<xmax>666</xmax>
			<ymax>377</ymax>
		</bndbox>
	</object>
	<object>
		<name>sem EPI area 1</name>
		<pose>Unspecified</pose>
		<truncated>0</truncated>
		<difficult>0</difficult>
		<bndbox>
			<xmin>357</xmin>
			<ymin>190</ymin>
			<xmax>542</xmax>
			<ymax>566</ymax>
		</bndbox>
	</object>
</annotation>
