<annotation>
	<folder>extintor update</folder>
	<filename>novo_52.jpg</filename>
	<path>/home/stefanipastre/Documentos/novo/extintor update/novo_52.jpg</path>
	<source>
		<database>Unknown</database>
	</source>
	<size>
		<width>1280</width>
		<height>720</height>
		<depth>3</depth>
	</size>
	<segmented>0</segmented>
	<object>
		<name>extintor sem sinalizar</name>
		<pose>Unspecified</pose>
		<truncated>0</truncated>
		<difficult>0</difficult>
		<bndbox>
			<xmin>286</xmin>
			<ymin>164</ymin>
			<xmax>416</xmax>
			<ymax>350</ymax>
		</bndbox>
	</object>
	<object>
		<name>sem extintor</name>
		<pose>Unspecified</pose>
		<truncated>0</truncated>
		<difficult>0</difficult>
		<bndbox>
			<xmin>912</xmin>
			<ymin>157</ymin>
			<xmax>1148</xmax>
			<ymax>404</ymax>
		</bndbox>
	</object>
</annotation>
