<annotation>
	<folder>extintor update</folder>
	<filename>novo_29.jpg</filename>
	<path>/home/stefanipastre/Documentos/novo/extintor update/novo_29.jpg</path>
	<source>
		<database>Unknown</database>
	</source>
	<size>
		<width>1280</width>
		<height>720</height>
		<depth>3</depth>
	</size>
	<segmented>0</segmented>
	<object>
		<name>extintor sem sinalizar</name>
		<pose>Unspecified</pose>
		<truncated>0</truncated>
		<difficult>0</difficult>
		<bndbox>
			<xmin>2</xmin>
			<ymin>481</ymin>
			<xmax>182</xmax>
			<ymax>686</ymax>
		</bndbox>
	</object>
</annotation>
