<annotation>
	<folder>extintor update</folder>
	<filename>novo_20.jpg</filename>
	<path>/home/stefanipastre/Documentos/novo/extintor update/novo_20.jpg</path>
	<source>
		<database>Unknown</database>
	</source>
	<size>
		<width>1280</width>
		<height>720</height>
		<depth>3</depth>
	</size>
	<segmented>0</segmented>
	<object>
		<name>extintor sem sinalizar</name>
		<pose>Unspecified</pose>
		<truncated>0</truncated>
		<difficult>0</difficult>
		<bndbox>
			<xmin>257</xmin>
			<ymin>217</ymin>
			<xmax>411</xmax>
			<ymax>423</ymax>
		</bndbox>
	</object>
	<object>
		<name>sem extintor</name>
		<pose>Unspecified</pose>
		<truncated>0</truncated>
		<difficult>0</difficult>
		<bndbox>
			<xmin>788</xmin>
			<ymin>164</ymin>
			<xmax>915</xmax>
			<ymax>447</ymax>
		</bndbox>
	</object>
</annotation>
