<annotation>
	<folder>extintor update</folder>
	<filename>novo_12.jpg</filename>
	<path>/home/stefanipastre/Documentos/novo/extintor update/novo_12.jpg</path>
	<source>
		<database>Unknown</database>
	</source>
	<size>
		<width>1280</width>
		<height>720</height>
		<depth>3</depth>
	</size>
	<segmented>0</segmented>
	<object>
		<name>extintor sem sinalizar</name>
		<pose>Unspecified</pose>
		<truncated>0</truncated>
		<difficult>0</difficult>
		<bndbox>
			<xmin>997</xmin>
			<ymin>248</ymin>
			<xmax>1131</xmax>
			<ymax>462</ymax>
		</bndbox>
	</object>
	<object>
		<name>sem extintor</name>
		<pose>Unspecified</pose>
		<truncated>0</truncated>
		<difficult>0</difficult>
		<bndbox>
			<xmin>289</xmin>
			<ymin>124</ymin>
			<xmax>429</xmax>
			<ymax>387</ymax>
		</bndbox>
	</object>
</annotation>
