<annotation>
	<folder>extintor update</folder>
	<filename>novo_9.jpg</filename>
	<path>/home/stefanipastre/Documentos/novo/extintor update/novo_9.jpg</path>
	<source>
		<database>Unknown</database>
	</source>
	<size>
		<width>1280</width>
		<height>720</height>
		<depth>3</depth>
	</size>
	<segmented>0</segmented>
	<object>
		<name>extintor sem sinalizar</name>
		<pose>Unspecified</pose>
		<truncated>0</truncated>
		<difficult>0</difficult>
		<bndbox>
			<xmin>515</xmin>
			<ymin>170</ymin>
			<xmax>631</xmax>
			<ymax>362</ymax>
		</bndbox>
	</object>
	<object>
		<name>sem extintor</name>
		<pose>Unspecified</pose>
		<truncated>0</truncated>
		<difficult>0</difficult>
		<bndbox>
			<xmin>50</xmin>
			<ymin>197</ymin>
			<xmax>268</xmax>
			<ymax>415</ymax>
		</bndbox>
	</object>
	<object>
		<name>sem EPI area 1</name>
		<pose>Unspecified</pose>
		<truncated>0</truncated>
		<difficult>0</difficult>
		<bndbox>
			<xmin>791</xmin>
			<ymin>125</ymin>
			<xmax>1011</xmax>
			<ymax>477</ymax>
		</bndbox>
	</object>
</annotation>
