<annotation>
	<folder>extintor update</folder>
	<filename>novo_55.jpg</filename>
	<path>/home/stefanipastre/Documentos/novo/extintor update/novo_55.jpg</path>
	<source>
		<database>Unknown</database>
	</source>
	<size>
		<width>1280</width>
		<height>720</height>
		<depth>3</depth>
	</size>
	<segmented>0</segmented>
	<object>
		<name>sem extintor</name>
		<pose>Unspecified</pose>
		<truncated>0</truncated>
		<difficult>0</difficult>
		<bndbox>
			<xmin>943</xmin>
			<ymin>282</ymin>
			<xmax>1189</xmax>
			<ymax>537</ymax>
		</bndbox>
	</object>
	<object>
		<name>extintor sem sinalizar</name>
		<pose>Unspecified</pose>
		<truncated>0</truncated>
		<difficult>0</difficult>
		<bndbox>
			<xmin>739</xmin>
			<ymin>131</ymin>
			<xmax>857</xmax>
			<ymax>301</ymax>
		</bndbox>
	</object>
</annotation>
