<annotation>
	<folder>extintor update</folder>
	<filename>novo_38.jpg</filename>
	<path>/home/stefanipastre/Documentos/novo/extintor update/novo_38.jpg</path>
	<source>
		<database>Unknown</database>
	</source>
	<size>
		<width>1280</width>
		<height>720</height>
		<depth>3</depth>
	</size>
	<segmented>0</segmented>
	<object>
		<name>extintor sem sinalizar</name>
		<pose>Unspecified</pose>
		<truncated>0</truncated>
		<difficult>0</difficult>
		<bndbox>
			<xmin>178</xmin>
			<ymin>237</ymin>
			<xmax>339</xmax>
			<ymax>432</ymax>
		</bndbox>
	</object>
	<object>
		<name>extintor sem sinalizar</name>
		<pose>Unspecified</pose>
		<truncated>0</truncated>
		<difficult>0</difficult>
		<bndbox>
			<xmin>32</xmin>
			<ymin>429</ymin>
			<xmax>177</xmax>
			<ymax>617</ymax>
		</bndbox>
	</object>
	<object>
		<name>sem extintor</name>
		<pose>Unspecified</pose>
		<truncated>0</truncated>
		<difficult>0</difficult>
		<bndbox>
			<xmin>736</xmin>
			<ymin>141</ymin>
			<xmax>850</xmax>
			<ymax>449</ymax>
		</bndbox>
	</object>
</annotation>
