<annotation>
	<folder>extintor update</folder>
	<filename>novo_17.jpg</filename>
	<path>/home/stefanipastre/Documentos/novo/extintor update/novo_17.jpg</path>
	<source>
		<database>Unknown</database>
	</source>
	<size>
		<width>1280</width>
		<height>720</height>
		<depth>3</depth>
	</size>
	<segmented>0</segmented>
	<object>
		<name>sem capacete area 1</name>
		<pose>Unspecified</pose>
		<truncated>0</truncated>
		<difficult>0</difficult>
		<bndbox>
			<xmin>210</xmin>
			<ymin>264</ymin>
			<xmax>525</xmax>
			<ymax>655</ymax>
		</bndbox>
	</object>
	<object>
		<name>extintor sem sinalizar</name>
		<pose>Unspecified</pose>
		<truncated>0</truncated>
		<difficult>0</difficult>
		<bndbox>
			<xmin>1034</xmin>
			<ymin>419</ymin>
			<xmax>1192</xmax>
			<ymax>633</ymax>
		</bndbox>
	</object>
</annotation>
