<annotation>
	<folder>extintor update</folder>
	<filename>novo_21.jpg</filename>
	<path>/home/stefanipastre/Documentos/novo/extintor update/novo_21.jpg</path>
	<source>
		<database>Unknown</database>
	</source>
	<size>
		<width>1280</width>
		<height>720</height>
		<depth>3</depth>
	</size>
	<segmented>0</segmented>
	<object>
		<name>sem extintor</name>
		<pose>Unspecified</pose>
		<truncated>0</truncated>
		<difficult>0</difficult>
		<bndbox>
			<xmin>986</xmin>
			<ymin>378</ymin>
			<xmax>1253</xmax>
			<ymax>644</ymax>
		</bndbox>
	</object>
	<object>
		<name>extintor sem sinalizar</name>
		<pose>Unspecified</pose>
		<truncated>0</truncated>
		<difficult>0</difficult>
		<bndbox>
			<xmin>230</xmin>
			<ymin>229</ymin>
			<xmax>391</xmax>
			<ymax>427</ymax>
		</bndbox>
	</object>
</annotation>
