<annotation>
	<folder>extintor update</folder>
	<filename>novo_33.jpg</filename>
	<path>/home/stefanipastre/Documentos/novo/extintor update/novo_33.jpg</path>
	<source>
		<database>Unknown</database>
	</source>
	<size>
		<width>1280</width>
		<height>720</height>
		<depth>3</depth>
	</size>
	<segmented>0</segmented>
	<object>
		<name>extintor sem sinalizar</name>
		<pose>Unspecified</pose>
		<truncated>0</truncated>
		<difficult>0</difficult>
		<bndbox>
			<xmin>1051</xmin>
			<ymin>440</ymin>
			<xmax>1209</xmax>
			<ymax>658</ymax>
		</bndbox>
	</object>
	<object>
		<name>sem EPI area 1</name>
		<pose>Unspecified</pose>
		<truncated>0</truncated>
		<difficult>0</difficult>
		<bndbox>
			<xmin>114</xmin>
			<ymin>289</ymin>
			<xmax>396</xmax>
			<ymax>664</ymax>
		</bndbox>
	</object>
</annotation>
