<annotation>
	<folder>extintor update</folder>
	<filename>novo_39.jpg</filename>
	<path>/home/stefanipastre/Documentos/novo/extintor update/novo_39.jpg</path>
	<source>
		<database>Unknown</database>
	</source>
	<size>
		<width>1280</width>
		<height>720</height>
		<depth>3</depth>
	</size>
	<segmented>0</segmented>
	<object>
		<name>extintor sem sinalizar</name>
		<pose>Unspecified</pose>
		<truncated>0</truncated>
		<difficult>0</difficult>
		<bndbox>
			<xmin>17</xmin>
			<ymin>423</ymin>
			<xmax>169</xmax>
			<ymax>612</ymax>
		</bndbox>
	</object>
	<object>
		<name>sem extintor</name>
		<pose>Unspecified</pose>
		<truncated>0</truncated>
		<difficult>0</difficult>
		<bndbox>
			<xmin>733</xmin>
			<ymin>147</ymin>
			<xmax>863</xmax>
			<ymax>459</ymax>
		</bndbox>
	</object>
</annotation>
