<annotation>
	<folder>extintor update</folder>
	<filename>novo_54.jpg</filename>
	<path>/home/stefanipastre/Documentos/novo/extintor update/novo_54.jpg</path>
	<source>
		<database>Unknown</database>
	</source>
	<size>
		<width>1280</width>
		<height>720</height>
		<depth>3</depth>
	</size>
	<segmented>0</segmented>
	<object>
		<name>extintor sem sinalizar</name>
		<pose>Unspecified</pose>
		<truncated>0</truncated>
		<difficult>0</difficult>
		<bndbox>
			<xmin>1008</xmin>
			<ymin>394</ymin>
			<xmax>1158</xmax>
			<ymax>600</ymax>
		</bndbox>
	</object>
	<object>
		<name>sem extintor</name>
		<pose>Unspecified</pose>
		<truncated>0</truncated>
		<difficult>0</difficult>
		<bndbox>
			<xmin>903</xmin>
			<ymin>154</ymin>
			<xmax>1138</xmax>
			<ymax>386</ymax>
		</bndbox>
	</object>
</annotation>
