<annotation>
	<folder>extintor update</folder>
	<filename>novo_53.jpg</filename>
	<path>/home/stefanipastre/Documentos/novo/extintor update/novo_53.jpg</path>
	<source>
		<database>Unknown</database>
	</source>
	<size>
		<width>1280</width>
		<height>720</height>
		<depth>3</depth>
	</size>
	<segmented>0</segmented>
	<object>
		<name>sem extintor</name>
		<pose>Unspecified</pose>
		<truncated>0</truncated>
		<difficult>0</difficult>
		<bndbox>
			<xmin>910</xmin>
			<ymin>158</ymin>
			<xmax>1156</xmax>
			<ymax>412</ymax>
		</bndbox>
	</object>
	<object>
		<name>extintor sem sinalizar</name>
		<pose>Unspecified</pose>
		<truncated>0</truncated>
		<difficult>0</difficult>
		<bndbox>
			<xmin>293</xmin>
			<ymin>167</ymin>
			<xmax>425</xmax>
			<ymax>346</ymax>
		</bndbox>
	</object>
</annotation>
