<annotation>
	<folder>extintor update</folder>
	<filename>novo_25.jpg</filename>
	<path>/home/stefanipastre/Documentos/novo/extintor update/novo_25.jpg</path>
	<source>
		<database>Unknown</database>
	</source>
	<size>
		<width>1280</width>
		<height>720</height>
		<depth>3</depth>
	</size>
	<segmented>0</segmented>
	<object>
		<name>sem extintor</name>
		<pose>Unspecified</pose>
		<truncated>0</truncated>
		<difficult>0</difficult>
		<bndbox>
			<xmin>97</xmin>
			<ymin>196</ymin>
			<xmax>297</xmax>
			<ymax>456</ymax>
		</bndbox>
	</object>
	<object>
		<name>extintor sem sinalizar</name>
		<pose>Unspecified</pose>
		<truncated>0</truncated>
		<difficult>0</difficult>
		<bndbox>
			<xmin>1022</xmin>
			<ymin>390</ymin>
			<xmax>1184</xmax>
			<ymax>601</ymax>
		</bndbox>
	</object>
</annotation>
