<annotation>
	<folder>extintor update</folder>
	<filename>novo_34.jpg</filename>
	<path>/home/stefanipastre/Documentos/novo/extintor update/novo_34.jpg</path>
	<source>
		<database>Unknown</database>
	</source>
	<size>
		<width>1280</width>
		<height>720</height>
		<depth>3</depth>
	</size>
	<segmented>0</segmented>
	<object>
		<name>extintor sem sinalizar</name>
		<pose>Unspecified</pose>
		<truncated>0</truncated>
		<difficult>0</difficult>
		<bndbox>
			<xmin>121</xmin>
			<ymin>260</ymin>
			<xmax>284</xmax>
			<ymax>443</ymax>
		</bndbox>
	</object>
	<object>
		<name>extintor sem sinalizar</name>
		<pose>Unspecified</pose>
		<truncated>0</truncated>
		<difficult>0</difficult>
		<bndbox>
			<xmin>481</xmin>
			<ymin>244</ymin>
			<xmax>596</xmax>
			<ymax>422</ymax>
		</bndbox>
	</object>
	<object>
		<name>sem extintor</name>
		<pose>Unspecified</pose>
		<truncated>0</truncated>
		<difficult>0</difficult>
		<bndbox>
			<xmin>715</xmin>
			<ymin>141</ymin>
			<xmax>854</xmax>
			<ymax>446</ymax>
		</bndbox>
	</object>
</annotation>
