<annotation>
	<folder>extintor update</folder>
	<filename>novo_7.jpg</filename>
	<path>/home/stefanipastre/Documentos/novo/extintor update/novo_7.jpg</path>
	<source>
		<database>Unknown</database>
	</source>
	<size>
		<width>1280</width>
		<height>720</height>
		<depth>3</depth>
	</size>
	<segmented>0</segmented>
	<object>
		<name>sem EPI area 1</name>
		<pose>Unspecified</pose>
		<truncated>0</truncated>
		<difficult>0</difficult>
		<bndbox>
			<xmin>370</xmin>
			<ymin>189</ymin>
			<xmax>556</xmax>
			<ymax>566</ymax>
		</bndbox>
	</object>
	<object>
		<name>sem extintor</name>
		<pose>Unspecified</pose>
		<truncated>0</truncated>
		<difficult>0</difficult>
		<bndbox>
			<xmin>931</xmin>
			<ymin>110</ymin>
			<xmax>1085</xmax>
			<ymax>397</ymax>
		</bndbox>
	</object>
</annotation>
