<annotation>
	<folder>extintor update</folder>
	<filename>novo_6.jpg</filename>
	<path>/home/stefanipastre/Documentos/novo/extintor update/novo_6.jpg</path>
	<source>
		<database>Unknown</database>
	</source>
	<size>
		<width>1280</width>
		<height>720</height>
		<depth>3</depth>
	</size>
	<segmented>0</segmented>
	<object>
		<name>extintor sem sinalizar</name>
		<pose>Unspecified</pose>
		<truncated>0</truncated>
		<difficult>0</difficult>
		<bndbox>
			<xmin>307</xmin>
			<ymin>266</ymin>
			<xmax>475</xmax>
			<ymax>491</ymax>
		</bndbox>
	</object>
	<object>
		<name>sem extintor</name>
		<pose>Unspecified</pose>
		<truncated>0</truncated>
		<difficult>0</difficult>
		<bndbox>
			<xmin>956</xmin>
			<ymin>288</ymin>
			<xmax>1210</xmax>
			<ymax>539</ymax>
		</bndbox>
	</object>
	<object>
		<name>sem EPI area 1</name>
		<pose>Unspecified</pose>
		<truncated>0</truncated>
		<difficult>0</difficult>
		<bndbox>
			<xmin>637</xmin>
			<ymin>173</ymin>
			<xmax>851</xmax>
			<ymax>510</ymax>
		</bndbox>
	</object>
</annotation>
