<annotation>
	<folder>extintor update</folder>
	<filename>novo_24.jpg</filename>
	<path>/home/stefanipastre/Documentos/novo/extintor update/novo_24.jpg</path>
	<source>
		<database>Unknown</database>
	</source>
	<size>
		<width>1280</width>
		<height>720</height>
		<depth>3</depth>
	</size>
	<segmented>0</segmented>
	<object>
		<name>extintor sem sinalizar</name>
		<pose>Unspecified</pose>
		<truncated>0</truncated>
		<difficult>0</difficult>
		<bndbox>
			<xmin>1019</xmin>
			<ymin>379</ymin>
			<xmax>1179</xmax>
			<ymax>585</ymax>
		</bndbox>
	</object>
	<object>
		<name>extintor sem sinalizar</name>
		<pose>Unspecified</pose>
		<truncated>0</truncated>
		<difficult>0</difficult>
		<bndbox>
			<xmin>695</xmin>
			<ymin>232</ymin>
			<xmax>808</xmax>
			<ymax>429</ymax>
		</bndbox>
	</object>
	<object>
		<name>sem extintor</name>
		<pose>Unspecified</pose>
		<truncated>0</truncated>
		<difficult>0</difficult>
		<bndbox>
			<xmin>14</xmin>
			<ymin>427</ymin>
			<xmax>250</xmax>
			<ymax>636</ymax>
		</bndbox>
	</object>
</annotation>
