<annotation>
	<folder>extintor update</folder>
	<filename>novo_18.jpg</filename>
	<path>/home/stefanipastre/Documentos/novo/extintor update/novo_18.jpg</path>
	<source>
		<database>Unknown</database>
	</source>
	<size>
		<width>1280</width>
		<height>720</height>
		<depth>3</depth>
	</size>
	<segmented>0</segmented>
	<object>
		<name>extintor sem sinalizar</name>
		<pose>Unspecified</pose>
		<truncated>0</truncated>
		<difficult>0</difficult>
		<bndbox>
			<xmin>1064</xmin>
			<ymin>387</ymin>
			<xmax>1219</xmax>
			<ymax>604</ymax>
		</bndbox>
	</object>
</annotation>
