<annotation>
	<folder>extintor update</folder>
	<filename>novo_3.jpg</filename>
	<path>/home/stefanipastre/Documentos/novo/extintor update/novo_3.jpg</path>
	<source>
		<database>Unknown</database>
	</source>
	<size>
		<width>1280</width>
		<height>720</height>
		<depth>3</depth>
	</size>
	<segmented>0</segmented>
	<object>
		<name>sem extintor</name>
		<pose>Unspecified</pose>
		<truncated>0</truncated>
		<difficult>0</difficult>
		<bndbox>
			<xmin>371</xmin>
			<ymin>102</ymin>
			<xmax>530</xmax>
			<ymax>388</ymax>
		</bndbox>
	</object>
	<object>
		<name>extintor sem sinalizar</name>
		<pose>Unspecified</pose>
		<truncated>0</truncated>
		<difficult>0</difficult>
		<bndbox>
			<xmin>750</xmin>
			<ymin>166</ymin>
			<xmax>841</xmax>
			<ymax>364</ymax>
		</bndbox>
	</object>
</annotation>
