<annotation>
	<folder>extintor update</folder>
	<filename>novo_11.jpg</filename>
	<path>/home/stefanipastre/Documentos/novo/extintor update/novo_11.jpg</path>
	<source>
		<database>Unknown</database>
	</source>
	<size>
		<width>1280</width>
		<height>720</height>
		<depth>3</depth>
	</size>
	<segmented>0</segmented>
	<object>
		<name>extintor sem sinalizar</name>
		<pose>Unspecified</pose>
		<truncated>0</truncated>
		<difficult>0</difficult>
		<bndbox>
			<xmin>621</xmin>
			<ymin>169</ymin>
			<xmax>728</xmax>
			<ymax>363</ymax>
		</bndbox>
	</object>
</annotation>
