<annotation>
	<folder>extintor update</folder>
	<filename>novo_46.jpg</filename>
	<path>/home/stefanipastre/Documentos/novo/extintor update/novo_46.jpg</path>
	<source>
		<database>Unknown</database>
	</source>
	<size>
		<width>1280</width>
		<height>720</height>
		<depth>3</depth>
	</size>
	<segmented>0</segmented>
	<object>
		<name>extintor sem sinalizar</name>
		<pose>Unspecified</pose>
		<truncated>0</truncated>
		<difficult>0</difficult>
		<bndbox>
			<xmin>466</xmin>
			<ymin>243</ymin>
			<xmax>607</xmax>
			<ymax>419</ymax>
		</bndbox>
	</object>
	<object>
		<name>sem extintor</name>
		<pose>Unspecified</pose>
		<truncated>0</truncated>
		<difficult>0</difficult>
		<bndbox>
			<xmin>736</xmin>
			<ymin>145</ymin>
			<xmax>854</xmax>
			<ymax>449</ymax>
		</bndbox>
	</object>
</annotation>
