<annotation>
	<folder>extintor update</folder>
	<filename>novo_51.jpg</filename>
	<path>/home/stefanipastre/Documentos/novo/extintor update/novo_51.jpg</path>
	<source>
		<database>Unknown</database>
	</source>
	<size>
		<width>1280</width>
		<height>720</height>
		<depth>3</depth>
	</size>
	<segmented>0</segmented>
	<object>
		<name>sem extintor</name>
		<pose>Unspecified</pose>
		<truncated>0</truncated>
		<difficult>0</difficult>
		<bndbox>
			<xmin>923</xmin>
			<ymin>193</ymin>
			<xmax>1168</xmax>
			<ymax>428</ymax>
		</bndbox>
	</object>
	<object>
		<name>extintor sem sinalizar</name>
		<pose>Unspecified</pose>
		<truncated>0</truncated>
		<difficult>0</difficult>
		<bndbox>
			<xmin>742</xmin>
			<ymin>183</ymin>
			<xmax>867</xmax>
			<ymax>361</ymax>
		</bndbox>
	</object>
</annotation>
