<annotation>
	<folder>extintor update</folder>
	<filename>novo_35.jpg</filename>
	<path>/home/stefanipastre/Documentos/novo/extintor update/novo_35.jpg</path>
	<source>
		<database>Unknown</database>
	</source>
	<size>
		<width>1280</width>
		<height>720</height>
		<depth>3</depth>
	</size>
	<segmented>0</segmented>
	<object>
		<name>sem extintor</name>
		<pose>Unspecified</pose>
		<truncated>0</truncated>
		<difficult>0</difficult>
		<bndbox>
			<xmin>723</xmin>
			<ymin>139</ymin>
			<xmax>854</xmax>
			<ymax>445</ymax>
		</bndbox>
	</object>
	<object>
		<name>extintor sem sinalizar</name>
		<pose>Unspecified</pose>
		<truncated>0</truncated>
		<difficult>0</difficult>
		<bndbox>
			<xmin>121</xmin>
			<ymin>258</ymin>
			<xmax>282</xmax>
			<ymax>452</ymax>
		</bndbox>
	</object>
</annotation>
