<annotation>
	<folder>fotos</folder>
	<filename>Pics_39.jpg</filename>
	<path>/home/stefanipastre/Documentos/novo/fotos/Pics_39.jpg</path>
	<source>
		<database>Unknown</database>
	</source>
	<size>
		<width>1280</width>
		<height>720</height>
		<depth>3</depth>
	</size>
	<segmented>0</segmented>
	<object>
		<name>sem capacete area 3</name>
		<pose>Unspecified</pose>
		<truncated>0</truncated>
		<difficult>0</difficult>
		<bndbox>
			<xmin>993</xmin>
			<ymin>197</ymin>
			<xmax>1277</xmax>
			<ymax>544</ymax>
		</bndbox>
	</object>
	<object>
		<name>sem protetor auricular area 2</name>
		<pose>Unspecified</pose>
		<truncated>0</truncated>
		<difficult>0</difficult>
		<bndbox>
			<xmin>713</xmin>
			<ymin>43</ymin>
			<xmax>917</xmax>
			<ymax>388</ymax>
		</bndbox>
	</object>
	<object>
		<name>sem EPI area 1</name>
		<pose>Unspecified</pose>
		<truncated>0</truncated>
		<difficult>0</difficult>
		<bndbox>
			<xmin>518</xmin>
			<ymin>122</ymin>
			<xmax>695</xmax>
			<ymax>485</ymax>
		</bndbox>
	</object>
</annotation>
