<annotation>
	<folder>fotos</folder>
	<filename>Pics_125.jpg</filename>
	<path>/home/stefanipastre/Documentos/novo/fotos/Pics_125.jpg</path>
	<source>
		<database>Unknown</database>
	</source>
	<size>
		<width>1280</width>
		<height>720</height>
		<depth>3</depth>
	</size>
	<segmented>0</segmented>
	<object>
		<name>sem protetor auricular area 2</name>
		<pose>Unspecified</pose>
		<truncated>1</truncated>
		<difficult>0</difficult>
		<bndbox>
			<xmin>179</xmin>
			<ymin>330</ymin>
			<xmax>446</xmax>
			<ymax>720</ymax>
		</bndbox>
	</object>
	<object>
		<name>sem capacete area 1</name>
		<pose>Unspecified</pose>
		<truncated>0</truncated>
		<difficult>0</difficult>
		<bndbox>
			<xmin>944</xmin>
			<ymin>287</ymin>
			<xmax>1187</xmax>
			<ymax>660</ymax>
		</bndbox>
	</object>
	<object>
		<name>extintor sem sinalizar</name>
		<pose>Unspecified</pose>
		<truncated>0</truncated>
		<difficult>0</difficult>
		<bndbox>
			<xmin>835</xmin>
			<ymin>190</ymin>
			<xmax>934</xmax>
			<ymax>385</ymax>
		</bndbox>
	</object>
</annotation>
