<annotation>
	<folder>fotos</folder>
	<filename>Pics_96.jpg</filename>
	<path>/home/stefanipastre/Documentos/novo/fotos/Pics_96.jpg</path>
	<source>
		<database>Unknown</database>
	</source>
	<size>
		<width>1280</width>
		<height>720</height>
		<depth>3</depth>
	</size>
	<segmented>0</segmented>
	<object>
		<name>sem capacete area 3</name>
		<pose>Unspecified</pose>
		<truncated>0</truncated>
		<difficult>0</difficult>
		<bndbox>
			<xmin>929</xmin>
			<ymin>231</ymin>
			<xmax>1246</xmax>
			<ymax>563</ymax>
		</bndbox>
	</object>
	<object>
		<name>sem protetor auricular area 2</name>
		<pose>Unspecified</pose>
		<truncated>0</truncated>
		<difficult>0</difficult>
		<bndbox>
			<xmin>198</xmin>
			<ymin>112</ymin>
			<xmax>531</xmax>
			<ymax>410</ymax>
		</bndbox>
	</object>
	<object>
		<name>extintor sem sinalizar</name>
		<pose>Unspecified</pose>
		<truncated>0</truncated>
		<difficult>0</difficult>
		<bndbox>
			<xmin>452</xmin>
			<ymin>111</ymin>
			<xmax>575</xmax>
			<ymax>300</ymax>
		</bndbox>
	</object>
</annotation>
