<annotation>
	<folder>fotos</folder>
	<filename>Pics_123.jpg</filename>
	<path>/home/stefanipastre/Documentos/novo/fotos/Pics_123.jpg</path>
	<source>
		<database>Unknown</database>
	</source>
	<size>
		<width>1280</width>
		<height>720</height>
		<depth>3</depth>
	</size>
	<segmented>0</segmented>
	<object>
		<name>sem protetor auricular area 2</name>
		<pose>Unspecified</pose>
		<truncated>0</truncated>
		<difficult>0</difficult>
		<bndbox>
			<xmin>608</xmin>
			<ymin>95</ymin>
			<xmax>773</xmax>
			<ymax>424</ymax>
		</bndbox>
	</object>
	<object>
		<name>sem capacete area 1</name>
		<pose>Unspecified</pose>
		<truncated>0</truncated>
		<difficult>0</difficult>
		<bndbox>
			<xmin>948</xmin>
			<ymin>264</ymin>
			<xmax>1179</xmax>
			<ymax>670</ymax>
		</bndbox>
	</object>
	<object>
		<name>extintor sem sinalizar</name>
		<pose>Unspecified</pose>
		<truncated>0</truncated>
		<difficult>0</difficult>
		<bndbox>
			<xmin>837</xmin>
			<ymin>194</ymin>
			<xmax>938</xmax>
			<ymax>384</ymax>
		</bndbox>
	</object>
</annotation>
