<annotation>
	<folder>fotos</folder>
	<filename>Pics_105.jpg</filename>
	<path>/home/stefanipastre/Documentos/novo/fotos/Pics_105.jpg</path>
	<source>
		<database>Unknown</database>
	</source>
	<size>
		<width>1280</width>
		<height>720</height>
		<depth>3</depth>
	</size>
	<segmented>0</segmented>
	<object>
		<name>extintor sem sinalizar</name>
		<pose>Unspecified</pose>
		<truncated>0</truncated>
		<difficult>0</difficult>
		<bndbox>
			<xmin>390</xmin>
			<ymin>222</ymin>
			<xmax>495</xmax>
			<ymax>407</ymax>
		</bndbox>
	</object>
</annotation>
