<annotation>
	<folder>fotos</folder>
	<filename>Pics_149.jpg</filename>
	<path>/home/stefanipastre/Documentos/novo/fotos/Pics_149.jpg</path>
	<source>
		<database>Unknown</database>
	</source>
	<size>
		<width>1280</width>
		<height>720</height>
		<depth>3</depth>
	</size>
	<segmented>0</segmented>
	<object>
		<name>EPI incorreto area 3</name>
		<pose>Unspecified</pose>
		<truncated>0</truncated>
		<difficult>0</difficult>
		<bndbox>
			<xmin>333</xmin>
			<ymin>80</ymin>
			<xmax>473</xmax>
			<ymax>464</ymax>
		</bndbox>
	</object>
	<object>
		<name>EPI incorreto area 2</name>
		<pose>Unspecified</pose>
		<truncated>0</truncated>
		<difficult>0</difficult>
		<bndbox>
			<xmin>899</xmin>
			<ymin>254</ymin>
			<xmax>1186</xmax>
			<ymax>642</ymax>
		</bndbox>
	</object>
	<object>
		<name>sem EPI area 1</name>
		<pose>Unspecified</pose>
		<truncated>0</truncated>
		<difficult>0</difficult>
		<bndbox>
			<xmin>632</xmin>
			<ymin>116</ymin>
			<xmax>757</xmax>
			<ymax>446</ymax>
		</bndbox>
	</object>
</annotation>
