<annotation>
	<folder>fotos</folder>
	<filename>Pics_157.jpg</filename>
	<path>/home/stefanipastre/Documentos/novo/fotos/Pics_157.jpg</path>
	<source>
		<database>Unknown</database>
	</source>
	<size>
		<width>1280</width>
		<height>720</height>
		<depth>3</depth>
	</size>
	<segmented>0</segmented>
	<object>
		<name>EPI incorreto area 3</name>
		<pose>Unspecified</pose>
		<truncated>0</truncated>
		<difficult>0</difficult>
		<bndbox>
			<xmin>380</xmin>
			<ymin>215</ymin>
			<xmax>557</xmax>
			<ymax>611</ymax>
		</bndbox>
	</object>
	<object>
		<name>EPI incorreto area 2</name>
		<pose>Unspecified</pose>
		<truncated>0</truncated>
		<difficult>0</difficult>
		<bndbox>
			<xmin>574</xmin>
			<ymin>82</ymin>
			<xmax>771</xmax>
			<ymax>441</ymax>
		</bndbox>
	</object>
	<object>
		<name>sem EPI area 1</name>
		<pose>Unspecified</pose>
		<truncated>0</truncated>
		<difficult>0</difficult>
		<bndbox>
			<xmin>847</xmin>
			<ymin>265</ymin>
			<xmax>1110</xmax>
			<ymax>626</ymax>
		</bndbox>
	</object>
</annotation>
