<annotation>
	<folder>fotos</folder>
	<filename>Pics_43.jpg</filename>
	<path>/home/stefanipastre/Documentos/novo/fotos/Pics_43.jpg</path>
	<source>
		<database>Unknown</database>
	</source>
	<size>
		<width>1280</width>
		<height>720</height>
		<depth>3</depth>
	</size>
	<segmented>0</segmented>
	<object>
		<name>sem capacete area 3</name>
		<pose>Unspecified</pose>
		<truncated>0</truncated>
		<difficult>0</difficult>
		<bndbox>
			<xmin>793</xmin>
			<ymin>45</ymin>
			<xmax>983</xmax>
			<ymax>379</ymax>
		</bndbox>
	</object>
	<object>
		<name>sem protetor auricular area 2</name>
		<pose>Unspecified</pose>
		<truncated>0</truncated>
		<difficult>0</difficult>
		<bndbox>
			<xmin>577</xmin>
			<ymin>28</ymin>
			<xmax>771</xmax>
			<ymax>358</ymax>
		</bndbox>
	</object>
	<object>
		<name>sem EPI area 1</name>
		<pose>Unspecified</pose>
		<truncated>0</truncated>
		<difficult>0</difficult>
		<bndbox>
			<xmin>374</xmin>
			<ymin>38</ymin>
			<xmax>573</xmax>
			<ymax>389</ymax>
		</bndbox>
	</object>
</annotation>
