<annotation>
	<folder>fotos</folder>
	<filename>Pics_29.jpg</filename>
	<path>/home/stefanipastre/Documentos/novo/fotos/Pics_29.jpg</path>
	<source>
		<database>Unknown</database>
	</source>
	<size>
		<width>1280</width>
		<height>720</height>
		<depth>3</depth>
	</size>
	<segmented>0</segmented>
	<object>
		<name>sem capacete area 3</name>
		<pose>Unspecified</pose>
		<truncated>0</truncated>
		<difficult>0</difficult>
		<bndbox>
			<xmin>288</xmin>
			<ymin>137</ymin>
			<xmax>476</xmax>
			<ymax>504</ymax>
		</bndbox>
	</object>
	<object>
		<name>sem protetor auricular area 2</name>
		<pose>Unspecified</pose>
		<truncated>0</truncated>
		<difficult>0</difficult>
		<bndbox>
			<xmin>859</xmin>
			<ymin>203</ymin>
			<xmax>1081</xmax>
			<ymax>577</ymax>
		</bndbox>
	</object>
	<object>
		<name>sem EPI area 1</name>
		<pose>Unspecified</pose>
		<truncated>0</truncated>
		<difficult>0</difficult>
		<bndbox>
			<xmin>506</xmin>
			<ymin>113</ymin>
			<xmax>651</xmax>
			<ymax>492</ymax>
		</bndbox>
	</object>
</annotation>
