<annotation>
	<folder>fotos</folder>
	<filename>Pics_84.jpg</filename>
	<path>/home/stefanipastre/Documentos/novo/fotos/Pics_84.jpg</path>
	<source>
		<database>Unknown</database>
	</source>
	<size>
		<width>1280</width>
		<height>720</height>
		<depth>3</depth>
	</size>
	<segmented>0</segmented>
	<object>
		<name>sem capacete area 3</name>
		<pose>Unspecified</pose>
		<truncated>0</truncated>
		<difficult>0</difficult>
		<bndbox>
			<xmin>691</xmin>
			<ymin>164</ymin>
			<xmax>920</xmax>
			<ymax>520</ymax>
		</bndbox>
	</object>
	<object>
		<name>sem protetor auricular area 2</name>
		<pose>Unspecified</pose>
		<truncated>0</truncated>
		<difficult>0</difficult>
		<bndbox>
			<xmin>953</xmin>
			<ymin>177</ymin>
			<xmax>1234</xmax>
			<ymax>561</ymax>
		</bndbox>
	</object>
	<object>
		<name>extintor sem sinalizar</name>
		<pose>Unspecified</pose>
		<truncated>0</truncated>
		<difficult>0</difficult>
		<bndbox>
			<xmin>1127</xmin>
			<ymin>76</ymin>
			<xmax>1249</xmax>
			<ymax>197</ymax>
		</bndbox>
	</object>
</annotation>
