<annotation>
	<folder>fotos</folder>
	<filename>Pics_165.jpg</filename>
	<path>/home/stefanipastre/Documentos/novo/fotos/Pics_165.jpg</path>
	<source>
		<database>Unknown</database>
	</source>
	<size>
		<width>1280</width>
		<height>720</height>
		<depth>3</depth>
	</size>
	<segmented>0</segmented>
	<object>
		<name>EPI incorreto area 3</name>
		<pose>Unspecified</pose>
		<truncated>0</truncated>
		<difficult>0</difficult>
		<bndbox>
			<xmin>806</xmin>
			<ymin>110</ymin>
			<xmax>984</xmax>
			<ymax>445</ymax>
		</bndbox>
	</object>
	<object>
		<name>EPI incorreto area 2</name>
		<pose>Unspecified</pose>
		<truncated>0</truncated>
		<difficult>0</difficult>
		<bndbox>
			<xmin>601</xmin>
			<ymin>287</ymin>
			<xmax>869</xmax>
			<ymax>686</ymax>
		</bndbox>
	</object>
	<object>
		<name>sem EPI area 1</name>
		<pose>Unspecified</pose>
		<truncated>0</truncated>
		<difficult>0</difficult>
		<bndbox>
			<xmin>344</xmin>
			<ymin>286</ymin>
			<xmax>501</xmax>
			<ymax>663</ymax>
		</bndbox>
	</object>
</annotation>
