<annotation>
	<folder>fotos</folder>
	<filename>Pics_46.jpg</filename>
	<path>/home/stefanipastre/Documentos/novo/fotos/Pics_46.jpg</path>
	<source>
		<database>Unknown</database>
	</source>
	<size>
		<width>1280</width>
		<height>720</height>
		<depth>3</depth>
	</size>
	<segmented>0</segmented>
	<object>
		<name>sem capacete area 3</name>
		<pose>Unspecified</pose>
		<truncated>0</truncated>
		<difficult>0</difficult>
		<bndbox>
			<xmin>568</xmin>
			<ymin>24</ymin>
			<xmax>695</xmax>
			<ymax>357</ymax>
		</bndbox>
	</object>
	<object>
		<name>sem protetor auricular area 2</name>
		<pose>Unspecified</pose>
		<truncated>0</truncated>
		<difficult>0</difficult>
		<bndbox>
			<xmin>985</xmin>
			<ymin>221</ymin>
			<xmax>1241</xmax>
			<ymax>595</ymax>
		</bndbox>
	</object>
	<object>
		<name>sem EPI area 1</name>
		<pose>Unspecified</pose>
		<truncated>0</truncated>
		<difficult>0</difficult>
		<bndbox>
			<xmin>317</xmin>
			<ymin>162</ymin>
			<xmax>549</xmax>
			<ymax>517</ymax>
		</bndbox>
	</object>
</annotation>
