<annotation>
	<folder>fotos</folder>
	<filename>Pics_66.jpg</filename>
	<path>/home/stefanipastre/Documentos/novo/fotos/Pics_66.jpg</path>
	<source>
		<database>Unknown</database>
	</source>
	<size>
		<width>1280</width>
		<height>720</height>
		<depth>3</depth>
	</size>
	<segmented>0</segmented>
	<object>
		<name>sem capacete area 3</name>
		<pose>Unspecified</pose>
		<truncated>0</truncated>
		<difficult>0</difficult>
		<bndbox>
			<xmin>293</xmin>
			<ymin>124</ymin>
			<xmax>511</xmax>
			<ymax>489</ymax>
		</bndbox>
	</object>
	<object>
		<name>sem protetor auricular area 2</name>
		<pose>Unspecified</pose>
		<truncated>0</truncated>
		<difficult>0</difficult>
		<bndbox>
			<xmin>910</xmin>
			<ymin>199</ymin>
			<xmax>1172</xmax>
			<ymax>575</ymax>
		</bndbox>
	</object>
	<object>
		<name>extintor sem sinalizar</name>
		<pose>Unspecified</pose>
		<truncated>0</truncated>
		<difficult>0</difficult>
		<bndbox>
			<xmin>765</xmin>
			<ymin>125</ymin>
			<xmax>873</xmax>
			<ymax>325</ymax>
		</bndbox>
	</object>
</annotation>
