<annotation>
	<folder>fotos</folder>
	<filename>Pics_128.jpg</filename>
	<path>/home/stefanipastre/Documentos/novo/fotos/Pics_128.jpg</path>
	<source>
		<database>Unknown</database>
	</source>
	<size>
		<width>1280</width>
		<height>720</height>
		<depth>3</depth>
	</size>
	<segmented>0</segmented>
	<object>
		<name>sem protetor auricular area 2</name>
		<pose>Unspecified</pose>
		<truncated>0</truncated>
		<difficult>0</difficult>
		<bndbox>
			<xmin>331</xmin>
			<ymin>98</ymin>
			<xmax>509</xmax>
			<ymax>444</ymax>
		</bndbox>
	</object>
	<object>
		<name>sem capacete area 1</name>
		<pose>Unspecified</pose>
		<truncated>0</truncated>
		<difficult>0</difficult>
		<bndbox>
			<xmin>530</xmin>
			<ymin>296</ymin>
			<xmax>764</xmax>
			<ymax>658</ymax>
		</bndbox>
	</object>
	<object>
		<name>extintor sem sinalizar</name>
		<pose>Unspecified</pose>
		<truncated>0</truncated>
		<difficult>0</difficult>
		<bndbox>
			<xmin>831</xmin>
			<ymin>196</ymin>
			<xmax>937</xmax>
			<ymax>380</ymax>
		</bndbox>
	</object>
</annotation>
