<annotation>
	<folder>fotos</folder>
	<filename>Pics_44.jpg</filename>
	<path>/home/stefanipastre/Documentos/novo/fotos/Pics_44.jpg</path>
	<source>
		<database>Unknown</database>
	</source>
	<size>
		<width>1280</width>
		<height>720</height>
		<depth>3</depth>
	</size>
	<segmented>0</segmented>
	<object>
		<name>sem capacete area 3</name>
		<pose>Unspecified</pose>
		<truncated>0</truncated>
		<difficult>0</difficult>
		<bndbox>
			<xmin>567</xmin>
			<ymin>48</ymin>
			<xmax>742</xmax>
			<ymax>367</ymax>
		</bndbox>
	</object>
	<object>
		<name>sem protetor auricular area 2</name>
		<pose>Unspecified</pose>
		<truncated>0</truncated>
		<difficult>0</difficult>
		<bndbox>
			<xmin>359</xmin>
			<ymin>26</ymin>
			<xmax>539</xmax>
			<ymax>350</ymax>
		</bndbox>
	</object>
	<object>
		<name>sem EPI area 1</name>
		<pose>Unspecified</pose>
		<truncated>0</truncated>
		<difficult>0</difficult>
		<bndbox>
			<xmin>823</xmin>
			<ymin>52</ymin>
			<xmax>1012</xmax>
			<ymax>382</ymax>
		</bndbox>
	</object>
</annotation>
