<annotation>
	<folder>fotos</folder>
	<filename>Pics_116.jpg</filename>
	<path>/home/stefanipastre/Documentos/novo/fotos/Pics_116.jpg</path>
	<source>
		<database>Unknown</database>
	</source>
	<size>
		<width>1280</width>
		<height>720</height>
		<depth>3</depth>
	</size>
	<segmented>0</segmented>
	<object>
		<name>sem protetor auricular area 2</name>
		<pose>Unspecified</pose>
		<truncated>0</truncated>
		<difficult>0</difficult>
		<bndbox>
			<xmin>543</xmin>
			<ymin>137</ymin>
			<xmax>720</xmax>
			<ymax>489</ymax>
		</bndbox>
	</object>
	<object>
		<name>extintor sem sinalizar</name>
		<pose>Unspecified</pose>
		<truncated>0</truncated>
		<difficult>0</difficult>
		<bndbox>
			<xmin>384</xmin>
			<ymin>226</ymin>
			<xmax>501</xmax>
			<ymax>402</ymax>
		</bndbox>
	</object>
</annotation>
