<annotation>
	<folder>fotos</folder>
	<filename>Pics_22.jpg</filename>
	<path>/home/stefanipastre/Documentos/novo/fotos/Pics_22.jpg</path>
	<source>
		<database>Unknown</database>
	</source>
	<size>
		<width>1280</width>
		<height>720</height>
		<depth>3</depth>
	</size>
	<segmented>0</segmented>
	<object>
		<name>sem capacete area 3</name>
		<pose>Unspecified</pose>
		<truncated>0</truncated>
		<difficult>0</difficult>
		<bndbox>
			<xmin>227</xmin>
			<ymin>163</ymin>
			<xmax>456</xmax>
			<ymax>542</ymax>
		</bndbox>
	</object>
	<object>
		<name>sem protetor auricular area 2</name>
		<pose>Unspecified</pose>
		<truncated>0</truncated>
		<difficult>0</difficult>
		<bndbox>
			<xmin>553</xmin>
			<ymin>46</ymin>
			<xmax>744</xmax>
			<ymax>373</ymax>
		</bndbox>
	</object>
	<object>
		<name>sem EPI area 1</name>
		<pose>Unspecified</pose>
		<truncated>0</truncated>
		<difficult>0</difficult>
		<bndbox>
			<xmin>862</xmin>
			<ymin>166</ymin>
			<xmax>1099</xmax>
			<ymax>534</ymax>
		</bndbox>
	</object>
</annotation>
