<annotation>
	<folder>fotos</folder>
	<filename>Pics_97.jpg</filename>
	<path>/home/stefanipastre/Documentos/novo/fotos/Pics_97.jpg</path>
	<source>
		<database>Unknown</database>
	</source>
	<size>
		<width>1280</width>
		<height>720</height>
		<depth>3</depth>
	</size>
	<segmented>0</segmented>
	<object>
		<name>sem capacete area 3</name>
		<pose>Unspecified</pose>
		<truncated>0</truncated>
		<difficult>0</difficult>
		<bndbox>
			<xmin>973</xmin>
			<ymin>3</ymin>
			<xmax>1195</xmax>
			<ymax>342</ymax>
		</bndbox>
	</object>
	<object>
		<name>sem protetor auricular area 1</name>
		<pose>Unspecified</pose>
		<truncated>1</truncated>
		<difficult>0</difficult>
		<bndbox>
			<xmin>657</xmin>
			<ymin>1</ymin>
			<xmax>861</xmax>
			<ymax>347</ymax>
		</bndbox>
	</object>
	<object>
		<name>extintor sem sinalizar</name>
		<pose>Unspecified</pose>
		<truncated>0</truncated>
		<difficult>0</difficult>
		<bndbox>
			<xmin>490</xmin>
			<ymin>112</ymin>
			<xmax>609</xmax>
			<ymax>304</ymax>
		</bndbox>
	</object>
</annotation>
