<annotation>
	<folder>fotos</folder>
	<filename>Pics_80.jpg</filename>
	<path>/home/stefanipastre/Documentos/novo/fotos/Pics_80.jpg</path>
	<source>
		<database>Unknown</database>
	</source>
	<size>
		<width>1280</width>
		<height>720</height>
		<depth>3</depth>
	</size>
	<segmented>0</segmented>
	<object>
		<name>sem protetor auricular area 2</name>
		<pose>Unspecified</pose>
		<truncated>0</truncated>
		<difficult>0</difficult>
		<bndbox>
			<xmin>372</xmin>
			<ymin>61</ymin>
			<xmax>595</xmax>
			<ymax>431</ymax>
		</bndbox>
	</object>
	<object>
		<name>extintor sem sinalizar</name>
		<pose>Unspecified</pose>
		<truncated>0</truncated>
		<difficult>0</difficult>
		<bndbox>
			<xmin>1103</xmin>
			<ymin>85</ymin>
			<xmax>1233</xmax>
			<ymax>297</ymax>
		</bndbox>
	</object>
</annotation>
