<annotation>
	<folder>fotos</folder>
	<filename>Pics_102.jpg</filename>
	<path>/home/stefanipastre/Documentos/novo/fotos/Pics_102.jpg</path>
	<source>
		<database>Unknown</database>
	</source>
	<size>
		<width>1280</width>
		<height>720</height>
		<depth>3</depth>
	</size>
	<segmented>0</segmented>
	<object>
		<name>sem EPI area 1</name>
		<pose>Unspecified</pose>
		<truncated>0</truncated>
		<difficult>0</difficult>
		<bndbox>
			<xmin>157</xmin>
			<ymin>229</ymin>
			<xmax>417</xmax>
			<ymax>623</ymax>
		</bndbox>
	</object>
	<object>
		<name>extintor sem sinalizar</name>
		<pose>Unspecified</pose>
		<truncated>0</truncated>
		<difficult>0</difficult>
		<bndbox>
			<xmin>1114</xmin>
			<ymin>149</ymin>
			<xmax>1234</xmax>
			<ymax>382</ymax>
		</bndbox>
	</object>
</annotation>
