<annotation>
	<folder>fotos</folder>
	<filename>Pics_20.jpg</filename>
	<path>/home/stefanipastre/Documentos/novo/fotos/Pics_20.jpg</path>
	<source>
		<database>Unknown</database>
	</source>
	<size>
		<width>1280</width>
		<height>720</height>
		<depth>3</depth>
	</size>
	<segmented>0</segmented>
	<object>
		<name>sem capacete area 3</name>
		<pose>Unspecified</pose>
		<truncated>0</truncated>
		<difficult>0</difficult>
		<bndbox>
			<xmin>196</xmin>
			<ymin>132</ymin>
			<xmax>437</xmax>
			<ymax>509</ymax>
		</bndbox>
	</object>
	<object>
		<name>sem protetor auricular area 2</name>
		<pose>Unspecified</pose>
		<truncated>0</truncated>
		<difficult>0</difficult>
		<bndbox>
			<xmin>820</xmin>
			<ymin>161</ymin>
			<xmax>1061</xmax>
			<ymax>516</ymax>
		</bndbox>
	</object>
	<object>
		<name>sem EPI area 1</name>
		<pose>Unspecified</pose>
		<truncated>0</truncated>
		<difficult>0</difficult>
		<bndbox>
			<xmin>564</xmin>
			<ymin>46</ymin>
			<xmax>704</xmax>
			<ymax>398</ymax>
		</bndbox>
	</object>
</annotation>
