<annotation>
	<folder>fotos</folder>
	<filename>Pics_112.jpg</filename>
	<path>/home/stefanipastre/Documentos/novo/fotos/Pics_112.jpg</path>
	<source>
		<database>Unknown</database>
	</source>
	<size>
		<width>1280</width>
		<height>720</height>
		<depth>3</depth>
	</size>
	<segmented>0</segmented>
	<object>
		<name>sem capacete area 3</name>
		<pose>Unspecified</pose>
		<truncated>0</truncated>
		<difficult>0</difficult>
		<bndbox>
			<xmin>644</xmin>
			<ymin>182</ymin>
			<xmax>837</xmax>
			<ymax>492</ymax>
		</bndbox>
	</object>
	<object>
		<name>sem protetor auricular area 2</name>
		<pose>Unspecified</pose>
		<truncated>0</truncated>
		<difficult>0</difficult>
		<bndbox>
			<xmin>861</xmin>
			<ymin>313</ymin>
			<xmax>1184</xmax>
			<ymax>675</ymax>
		</bndbox>
	</object>
	<object>
		<name>extintor sem sinalizar</name>
		<pose>Unspecified</pose>
		<truncated>0</truncated>
		<difficult>0</difficult>
		<bndbox>
			<xmin>382</xmin>
			<ymin>223</ymin>
			<xmax>497</xmax>
			<ymax>410</ymax>
		</bndbox>
	</object>
</annotation>
