<annotation>
	<folder>fotos</folder>
	<filename>Pics_78.jpg</filename>
	<path>/home/stefanipastre/Documentos/novo/fotos/Pics_78.jpg</path>
	<source>
		<database>Unknown</database>
	</source>
	<size>
		<width>1280</width>
		<height>720</height>
		<depth>3</depth>
	</size>
	<segmented>0</segmented>
	<object>
		<name>sem capacete area 3</name>
		<pose>Unspecified</pose>
		<truncated>0</truncated>
		<difficult>0</difficult>
		<bndbox>
			<xmin>964</xmin>
			<ymin>42</ymin>
			<xmax>1171</xmax>
			<ymax>397</ymax>
		</bndbox>
	</object>
	<object>
		<name>sem protetor auricular area 2</name>
		<pose>Unspecified</pose>
		<truncated>0</truncated>
		<difficult>0</difficult>
		<bndbox>
			<xmin>250</xmin>
			<ymin>4</ymin>
			<xmax>480</xmax>
			<ymax>357</ymax>
		</bndbox>
	</object>
	<object>
		<name>extintor sem sinalizar</name>
		<pose>Unspecified</pose>
		<truncated>0</truncated>
		<difficult>0</difficult>
		<bndbox>
			<xmin>134</xmin>
			<ymin>422</ymin>
			<xmax>257</xmax>
			<ymax>620</ymax>
		</bndbox>
	</object>
</annotation>
