<annotation>
	<folder>fotos</folder>
	<filename>Pics_124.jpg</filename>
	<path>/home/stefanipastre/Documentos/novo/fotos/Pics_124.jpg</path>
	<source>
		<database>Unknown</database>
	</source>
	<size>
		<width>1280</width>
		<height>720</height>
		<depth>3</depth>
	</size>
	<segmented>0</segmented>
	<object>
		<name>sem protetor auricular area 2</name>
		<pose>Unspecified</pose>
		<truncated>0</truncated>
		<difficult>0</difficult>
		<bndbox>
			<xmin>547</xmin>
			<ymin>113</ymin>
			<xmax>705</xmax>
			<ymax>462</ymax>
		</bndbox>
	</object>
	<object>
		<name>sem capacete area 1</name>
		<pose>Unspecified</pose>
		<truncated>0</truncated>
		<difficult>0</difficult>
		<bndbox>
			<xmin>948</xmin>
			<ymin>275</ymin>
			<xmax>1184</xmax>
			<ymax>664</ymax>
		</bndbox>
	</object>
	<object>
		<name>extintor sem sinalizar</name>
		<pose>Unspecified</pose>
		<truncated>0</truncated>
		<difficult>0</difficult>
		<bndbox>
			<xmin>832</xmin>
			<ymin>197</ymin>
			<xmax>936</xmax>
			<ymax>384</ymax>
		</bndbox>
	</object>
</annotation>
