<annotation>
	<folder>fotos</folder>
	<filename>Pics_134.jpg</filename>
	<path>/home/stefanipastre/Documentos/novo/fotos/Pics_134.jpg</path>
	<source>
		<database>Unknown</database>
	</source>
	<size>
		<width>1280</width>
		<height>720</height>
		<depth>3</depth>
	</size>
	<segmented>0</segmented>
	<object>
		<name>EPI incorreto area 3</name>
		<pose>Unspecified</pose>
		<truncated>0</truncated>
		<difficult>0</difficult>
		<bndbox>
			<xmin>771</xmin>
			<ymin>127</ymin>
			<xmax>960</xmax>
			<ymax>470</ymax>
		</bndbox>
	</object>
	<object>
		<name>EPI incorreto area 2</name>
		<pose>Unspecified</pose>
		<truncated>0</truncated>
		<difficult>0</difficult>
		<bndbox>
			<xmin>258</xmin>
			<ymin>47</ymin>
			<xmax>427</xmax>
			<ymax>427</ymax>
		</bndbox>
	</object>
</annotation>
