<annotation>
	<folder>fotos</folder>
	<filename>Pics_67.jpg</filename>
	<path>/home/stefanipastre/Documentos/novo/fotos/Pics_67.jpg</path>
	<source>
		<database>Unknown</database>
	</source>
	<size>
		<width>1280</width>
		<height>720</height>
		<depth>3</depth>
	</size>
	<segmented>0</segmented>
	<object>
		<name>sem capacete area 3</name>
		<pose>Unspecified</pose>
		<truncated>0</truncated>
		<difficult>0</difficult>
		<bndbox>
			<xmin>943</xmin>
			<ymin>53</ymin>
			<xmax>1151</xmax>
			<ymax>385</ymax>
		</bndbox>
	</object>
	<object>
		<name>sem protetor auricular area 2</name>
		<pose>Unspecified</pose>
		<truncated>0</truncated>
		<difficult>0</difficult>
		<bndbox>
			<xmin>555</xmin>
			<ymin>30</ymin>
			<xmax>741</xmax>
			<ymax>362</ymax>
		</bndbox>
	</object>
	<object>
		<name>extintor sem sinalizar</name>
		<pose>Unspecified</pose>
		<truncated>0</truncated>
		<difficult>0</difficult>
		<bndbox>
			<xmin>761</xmin>
			<ymin>131</ymin>
			<xmax>870</xmax>
			<ymax>321</ymax>
		</bndbox>
	</object>
</annotation>
