<annotation>
	<folder>fotos</folder>
	<filename>Pics_115.jpg</filename>
	<path>/home/stefanipastre/Documentos/novo/fotos/Pics_115.jpg</path>
	<source>
		<database>Unknown</database>
	</source>
	<size>
		<width>1280</width>
		<height>720</height>
		<depth>3</depth>
	</size>
	<segmented>0</segmented>
	<object>
		<name>sem protetor auricular area 2</name>
		<pose>Unspecified</pose>
		<truncated>0</truncated>
		<difficult>0</difficult>
		<bndbox>
			<xmin>536</xmin>
			<ymin>144</ymin>
			<xmax>727</xmax>
			<ymax>486</ymax>
		</bndbox>
	</object>
	<object>
		<name>extintor sem sinalizar</name>
		<pose>Unspecified</pose>
		<truncated>0</truncated>
		<difficult>0</difficult>
		<bndbox>
			<xmin>390</xmin>
			<ymin>226</ymin>
			<xmax>496</xmax>
			<ymax>409</ymax>
		</bndbox>
	</object>
</annotation>
