<annotation>
	<folder>fotos</folder>
	<filename>Pics_146.jpg</filename>
	<path>/home/stefanipastre/Documentos/novo/fotos/Pics_146.jpg</path>
	<source>
		<database>Unknown</database>
	</source>
	<size>
		<width>1280</width>
		<height>720</height>
		<depth>3</depth>
	</size>
	<segmented>0</segmented>
	<object>
		<name>EPI incorreto area 3</name>
		<pose>Unspecified</pose>
		<truncated>0</truncated>
		<difficult>0</difficult>
		<bndbox>
			<xmin>411</xmin>
			<ymin>165</ymin>
			<xmax>567</xmax>
			<ymax>544</ymax>
		</bndbox>
	</object>
	<object>
		<name>EPI incorreto area 2</name>
		<pose>Unspecified</pose>
		<truncated>0</truncated>
		<difficult>0</difficult>
		<bndbox>
			<xmin>901</xmin>
			<ymin>253</ymin>
			<xmax>1188</xmax>
			<ymax>646</ymax>
		</bndbox>
	</object>
</annotation>
