<annotation>
	<folder>fotos</folder>
	<filename>Pics_98.jpg</filename>
	<path>/home/stefanipastre/Documentos/novo/fotos/Pics_98.jpg</path>
	<source>
		<database>Unknown</database>
	</source>
	<size>
		<width>1280</width>
		<height>720</height>
		<depth>3</depth>
	</size>
	<segmented>0</segmented>
	<object>
		<name>sem capacete area 3</name>
		<pose>Unspecified</pose>
		<truncated>0</truncated>
		<difficult>0</difficult>
		<bndbox>
			<xmin>994</xmin>
			<ymin>21</ymin>
			<xmax>1231</xmax>
			<ymax>380</ymax>
		</bndbox>
	</object>
	<object>
		<name>sem protetor auricular area 1</name>
		<pose>Unspecified</pose>
		<truncated>0</truncated>
		<difficult>0</difficult>
		<bndbox>
			<xmin>689</xmin>
			<ymin>10</ymin>
			<xmax>911</xmax>
			<ymax>377</ymax>
		</bndbox>
	</object>
	<object>
		<name>extintor sem sinalizar</name>
		<pose>Unspecified</pose>
		<truncated>0</truncated>
		<difficult>0</difficult>
		<bndbox>
			<xmin>511</xmin>
			<ymin>145</ymin>
			<xmax>621</xmax>
			<ymax>331</ymax>
		</bndbox>
	</object>
</annotation>
