<annotation>
	<folder>fotos</folder>
	<filename>Pics_164.jpg</filename>
	<path>/home/stefanipastre/Documentos/novo/fotos/Pics_164.jpg</path>
	<source>
		<database>Unknown</database>
	</source>
	<size>
		<width>1280</width>
		<height>720</height>
		<depth>3</depth>
	</size>
	<segmented>0</segmented>
	<object>
		<name>EPI incorreto area 3</name>
		<pose>Unspecified</pose>
		<truncated>0</truncated>
		<difficult>0</difficult>
		<bndbox>
			<xmin>784</xmin>
			<ymin>107</ymin>
			<xmax>977</xmax>
			<ymax>445</ymax>
		</bndbox>
	</object>
	<object>
		<name>EPI incorreto area 2</name>
		<pose>Unspecified</pose>
		<truncated>0</truncated>
		<difficult>0</difficult>
		<bndbox>
			<xmin>495</xmin>
			<ymin>70</ymin>
			<xmax>686</xmax>
			<ymax>434</ymax>
		</bndbox>
	</object>
	<object>
		<name>sem EPI area 1</name>
		<pose>Unspecified</pose>
		<truncated>0</truncated>
		<difficult>0</difficult>
		<bndbox>
			<xmin>331</xmin>
			<ymin>349</ymin>
			<xmax>578</xmax>
			<ymax>719</ymax>
		</bndbox>
	</object>
</annotation>
