<annotation>
	<folder>fotos</folder>
	<filename>Pics_73.jpg</filename>
	<path>/home/stefanipastre/Documentos/novo/fotos/Pics_73.jpg</path>
	<source>
		<database>Unknown</database>
	</source>
	<size>
		<width>1280</width>
		<height>720</height>
		<depth>3</depth>
	</size>
	<segmented>0</segmented>
	<object>
		<name>sem capacete area 3</name>
		<pose>Unspecified</pose>
		<truncated>0</truncated>
		<difficult>0</difficult>
		<bndbox>
			<xmin>940</xmin>
			<ymin>219</ymin>
			<xmax>1197</xmax>
			<ymax>622</ymax>
		</bndbox>
	</object>
	<object>
		<name>extintor sem sinalizar</name>
		<pose>Unspecified</pose>
		<truncated>0</truncated>
		<difficult>0</difficult>
		<bndbox>
			<xmin>235</xmin>
			<ymin>214</ymin>
			<xmax>339</xmax>
			<ymax>421</ymax>
		</bndbox>
	</object>
</annotation>
