<annotation>
	<folder>fotos</folder>
	<filename>Pics_143.jpg</filename>
	<path>/home/stefanipastre/Documentos/novo/fotos/Pics_143.jpg</path>
	<source>
		<database>Unknown</database>
	</source>
	<size>
		<width>1280</width>
		<height>720</height>
		<depth>3</depth>
	</size>
	<segmented>0</segmented>
	<object>
		<name>EPI incorreto area 3</name>
		<pose>Unspecified</pose>
		<truncated>0</truncated>
		<difficult>0</difficult>
		<bndbox>
			<xmin>312</xmin>
			<ymin>244</ymin>
			<xmax>542</xmax>
			<ymax>630</ymax>
		</bndbox>
	</object>
	<object>
		<name>EPI incorreto area 2</name>
		<pose>Unspecified</pose>
		<truncated>0</truncated>
		<difficult>0</difficult>
		<bndbox>
			<xmin>960</xmin>
			<ymin>262</ymin>
			<xmax>1262</xmax>
			<ymax>642</ymax>
		</bndbox>
	</object>
</annotation>
