<annotation>
	<folder>fotos</folder>
	<filename>Pics_101.jpg</filename>
	<path>/home/stefanipastre/Documentos/novo/fotos/Pics_101.jpg</path>
	<source>
		<database>Unknown</database>
	</source>
	<size>
		<width>1280</width>
		<height>720</height>
		<depth>3</depth>
	</size>
	<segmented>0</segmented>
	<object>
		<name>sem EPI area 1</name>
		<pose>Unspecified</pose>
		<truncated>0</truncated>
		<difficult>0</difficult>
		<bndbox>
			<xmin>164</xmin>
			<ymin>234</ymin>
			<xmax>415</xmax>
			<ymax>622</ymax>
		</bndbox>
	</object>
	<object>
		<name>extintor sem sinalizar</name>
		<pose>Unspecified</pose>
		<truncated>0</truncated>
		<difficult>0</difficult>
		<bndbox>
			<xmin>1110</xmin>
			<ymin>146</ymin>
			<xmax>1224</xmax>
			<ymax>370</ymax>
		</bndbox>
	</object>
</annotation>
