<annotation>
	<folder>fotos</folder>
	<filename>Pics_122.jpg</filename>
	<path>/home/stefanipastre/Documentos/novo/fotos/Pics_122.jpg</path>
	<source>
		<database>Unknown</database>
	</source>
	<size>
		<width>1280</width>
		<height>720</height>
		<depth>3</depth>
	</size>
	<segmented>0</segmented>
	<object>
		<name>sem protetor auricular area 2</name>
		<pose>Unspecified</pose>
		<truncated>0</truncated>
		<difficult>0</difficult>
		<bndbox>
			<xmin>600</xmin>
			<ymin>84</ymin>
			<xmax>773</xmax>
			<ymax>424</ymax>
		</bndbox>
	</object>
	<object>
		<name>sem capacete area 1</name>
		<pose>Unspecified</pose>
		<truncated>0</truncated>
		<difficult>0</difficult>
		<bndbox>
			<xmin>941</xmin>
			<ymin>278</ymin>
			<xmax>1183</xmax>
			<ymax>670</ymax>
		</bndbox>
	</object>
	<object>
		<name>extintor sem sinalizar</name>
		<pose>Unspecified</pose>
		<truncated>0</truncated>
		<difficult>0</difficult>
		<bndbox>
			<xmin>838</xmin>
			<ymin>197</ymin>
			<xmax>933</xmax>
			<ymax>385</ymax>
		</bndbox>
	</object>
</annotation>
