<annotation>
	<folder>fotos</folder>
	<filename>Pics_150.jpg</filename>
	<path>/home/stefanipastre/Documentos/novo/fotos/Pics_150.jpg</path>
	<source>
		<database>Unknown</database>
	</source>
	<size>
		<width>1280</width>
		<height>720</height>
		<depth>3</depth>
	</size>
	<segmented>0</segmented>
	<object>
		<name>EPI incorreto area 3</name>
		<pose>Unspecified</pose>
		<truncated>0</truncated>
		<difficult>0</difficult>
		<bndbox>
			<xmin>317</xmin>
			<ymin>64</ymin>
			<xmax>489</xmax>
			<ymax>435</ymax>
		</bndbox>
	</object>
	<object>
		<name>EPI incorreto area 2</name>
		<pose>Unspecified</pose>
		<truncated>0</truncated>
		<difficult>0</difficult>
		<bndbox>
			<xmin>868</xmin>
			<ymin>243</ymin>
			<xmax>1158</xmax>
			<ymax>637</ymax>
		</bndbox>
	</object>
	<object>
		<name>sem EPI area 1</name>
		<pose>Unspecified</pose>
		<truncated>0</truncated>
		<difficult>0</difficult>
		<bndbox>
			<xmin>644</xmin>
			<ymin>122</ymin>
			<xmax>777</xmax>
			<ymax>456</ymax>
		</bndbox>
	</object>
</annotation>
