<annotation>
	<folder>fotos</folder>
	<filename>Pics_144.jpg</filename>
	<path>/home/stefanipastre/Documentos/novo/fotos/Pics_144.jpg</path>
	<source>
		<database>Unknown</database>
	</source>
	<size>
		<width>1280</width>
		<height>720</height>
		<depth>3</depth>
	</size>
	<segmented>0</segmented>
	<object>
		<name>EPI incorreto area 3</name>
		<pose>Unspecified</pose>
		<truncated>0</truncated>
		<difficult>0</difficult>
		<bndbox>
			<xmin>304</xmin>
			<ymin>240</ymin>
			<xmax>542</xmax>
			<ymax>632</ymax>
		</bndbox>
	</object>
	<object>
		<name>EPI incorreto area 2</name>
		<pose>Unspecified</pose>
		<truncated>0</truncated>
		<difficult>0</difficult>
		<bndbox>
			<xmin>638</xmin>
			<ymin>85</ymin>
			<xmax>808</xmax>
			<ymax>448</ymax>
		</bndbox>
	</object>
</annotation>
