<annotation>
	<folder>fotos</folder>
	<filename>Pics_137.jpg</filename>
	<path>/home/stefanipastre/Documentos/novo/fotos/Pics_137.jpg</path>
	<source>
		<database>Unknown</database>
	</source>
	<size>
		<width>1280</width>
		<height>720</height>
		<depth>3</depth>
	</size>
	<segmented>0</segmented>
	<object>
		<name>EPI incorreto area 3</name>
		<pose>Unspecified</pose>
		<truncated>0</truncated>
		<difficult>0</difficult>
		<bndbox>
			<xmin>782</xmin>
			<ymin>135</ymin>
			<xmax>955</xmax>
			<ymax>494</ymax>
		</bndbox>
	</object>
	<object>
		<name>EPI incorreto area 2</name>
		<pose>Unspecified</pose>
		<truncated>0</truncated>
		<difficult>0</difficult>
		<bndbox>
			<xmin>343</xmin>
			<ymin>44</ymin>
			<xmax>517</xmax>
			<ymax>411</ymax>
		</bndbox>
	</object>
</annotation>
