<annotation>
	<folder>fotos</folder>
	<filename>Pics_41.jpg</filename>
	<path>/home/stefanipastre/Documentos/novo/fotos/Pics_41.jpg</path>
	<source>
		<database>Unknown</database>
	</source>
	<size>
		<width>1280</width>
		<height>720</height>
		<depth>3</depth>
	</size>
	<segmented>0</segmented>
	<object>
		<name>sem capacete area 3</name>
		<pose>Unspecified</pose>
		<truncated>0</truncated>
		<difficult>0</difficult>
		<bndbox>
			<xmin>939</xmin>
			<ymin>237</ymin>
			<xmax>1229</xmax>
			<ymax>597</ymax>
		</bndbox>
	</object>
	<object>
		<name>sem protetor auricular area 2</name>
		<pose>Unspecified</pose>
		<truncated>0</truncated>
		<difficult>0</difficult>
		<bndbox>
			<xmin>539</xmin>
			<ymin>46</ymin>
			<xmax>747</xmax>
			<ymax>377</ymax>
		</bndbox>
	</object>
	<object>
		<name>sem EPI area 1</name>
		<pose>Unspecified</pose>
		<truncated>0</truncated>
		<difficult>0</difficult>
		<bndbox>
			<xmin>299</xmin>
			<ymin>150</ymin>
			<xmax>529</xmax>
			<ymax>504</ymax>
		</bndbox>
	</object>
</annotation>
