<annotation>
	<folder>fotos</folder>
	<filename>Pics_161.jpg</filename>
	<path>/home/stefanipastre/Documentos/novo/fotos/Pics_161.jpg</path>
	<source>
		<database>Unknown</database>
	</source>
	<size>
		<width>1280</width>
		<height>720</height>
		<depth>3</depth>
	</size>
	<segmented>0</segmented>
	<object>
		<name>EPI incorreto area 3</name>
		<pose>Unspecified</pose>
		<truncated>0</truncated>
		<difficult>0</difficult>
		<bndbox>
			<xmin>851</xmin>
			<ymin>156</ymin>
			<xmax>1078</xmax>
			<ymax>517</ymax>
		</bndbox>
	</object>
	<object>
		<name>EPI incorreto area 2</name>
		<pose>Unspecified</pose>
		<truncated>0</truncated>
		<difficult>0</difficult>
		<bndbox>
			<xmin>589</xmin>
			<ymin>111</ymin>
			<xmax>738</xmax>
			<ymax>475</ymax>
		</bndbox>
	</object>
	<object>
		<name>sem EPI area 1</name>
		<pose>Unspecified</pose>
		<truncated>0</truncated>
		<difficult>0</difficult>
		<bndbox>
			<xmin>226</xmin>
			<ymin>98</ymin>
			<xmax>400</xmax>
			<ymax>449</ymax>
		</bndbox>
	</object>
</annotation>
