<annotation>
	<folder>fotos</folder>
	<filename>Pics_155.jpg</filename>
	<path>/home/stefanipastre/Documentos/novo/fotos/Pics_155.jpg</path>
	<source>
		<database>Unknown</database>
	</source>
	<size>
		<width>1280</width>
		<height>720</height>
		<depth>3</depth>
	</size>
	<segmented>0</segmented>
	<object>
		<name>EPI incorreto area 3</name>
		<pose>Unspecified</pose>
		<truncated>0</truncated>
		<difficult>0</difficult>
		<bndbox>
			<xmin>299</xmin>
			<ymin>244</ymin>
			<xmax>535</xmax>
			<ymax>657</ymax>
		</bndbox>
	</object>
	<object>
		<name>EPI incorreto area 2</name>
		<pose>Unspecified</pose>
		<truncated>0</truncated>
		<difficult>0</difficult>
		<bndbox>
			<xmin>549</xmin>
			<ymin>248</ymin>
			<xmax>782</xmax>
			<ymax>657</ymax>
		</bndbox>
	</object>
	<object>
		<name>sem EPI area 1</name>
		<pose>Unspecified</pose>
		<truncated>0</truncated>
		<difficult>0</difficult>
		<bndbox>
			<xmin>857</xmin>
			<ymin>310</ymin>
			<xmax>1113</xmax>
			<ymax>677</ymax>
		</bndbox>
	</object>
</annotation>
