<annotation>
	<folder>fotos</folder>
	<filename>Pics_160.jpg</filename>
	<path>/home/stefanipastre/Documentos/novo/fotos/Pics_160.jpg</path>
	<source>
		<database>Unknown</database>
	</source>
	<size>
		<width>1280</width>
		<height>720</height>
		<depth>3</depth>
	</size>
	<segmented>0</segmented>
	<object>
		<name>EPI incorreto area 3</name>
		<pose>Unspecified</pose>
		<truncated>0</truncated>
		<difficult>0</difficult>
		<bndbox>
			<xmin>897</xmin>
			<ymin>209</ymin>
			<xmax>1127</xmax>
			<ymax>558</ymax>
		</bndbox>
	</object>
	<object>
		<name>EPI incorreto area 2</name>
		<pose>Unspecified</pose>
		<truncated>0</truncated>
		<difficult>0</difficult>
		<bndbox>
			<xmin>589</xmin>
			<ymin>87</ymin>
			<xmax>766</xmax>
			<ymax>439</ymax>
		</bndbox>
	</object>
	<object>
		<name>sem EPI area 1</name>
		<pose>Unspecified</pose>
		<truncated>0</truncated>
		<difficult>0</difficult>
		<bndbox>
			<xmin>242</xmin>
			<ymin>291</ymin>
			<xmax>481</xmax>
			<ymax>676</ymax>
		</bndbox>
	</object>
</annotation>
