<annotation>
	<folder>fotos</folder>
	<filename>Pics_64.jpg</filename>
	<path>/home/stefanipastre/Documentos/novo/fotos/Pics_64.jpg</path>
	<source>
		<database>Unknown</database>
	</source>
	<size>
		<width>1280</width>
		<height>720</height>
		<depth>3</depth>
	</size>
	<segmented>0</segmented>
	<object>
		<name>sem EPI area 1</name>
		<pose>Unspecified</pose>
		<truncated>0</truncated>
		<difficult>0</difficult>
		<bndbox>
			<xmin>229</xmin>
			<ymin>70</ymin>
			<xmax>459</xmax>
			<ymax>415</ymax>
		</bndbox>
	</object>
	<object>
		<name>extintor sem sinalizar</name>
		<pose>Unspecified</pose>
		<truncated>0</truncated>
		<difficult>0</difficult>
		<bndbox>
			<xmin>757</xmin>
			<ymin>137</ymin>
			<xmax>868</xmax>
			<ymax>315</ymax>
		</bndbox>
	</object>
</annotation>
