<annotation>
	<folder>fotos</folder>
	<filename>Pics_127.jpg</filename>
	<path>/home/stefanipastre/Documentos/novo/fotos/Pics_127.jpg</path>
	<source>
		<database>Unknown</database>
	</source>
	<size>
		<width>1280</width>
		<height>720</height>
		<depth>3</depth>
	</size>
	<segmented>0</segmented>
	<object>
		<name>sem protetor auricular area 2</name>
		<pose>Unspecified</pose>
		<truncated>1</truncated>
		<difficult>0</difficult>
		<bndbox>
			<xmin>173</xmin>
			<ymin>325</ymin>
			<xmax>451</xmax>
			<ymax>720</ymax>
		</bndbox>
	</object>
	<object>
		<name>sem capacete area 1</name>
		<pose>Unspecified</pose>
		<truncated>0</truncated>
		<difficult>0</difficult>
		<bndbox>
			<xmin>534</xmin>
			<ymin>303</ymin>
			<xmax>762</xmax>
			<ymax>652</ymax>
		</bndbox>
	</object>
	<object>
		<name>extintor sem sinalizar</name>
		<pose>Unspecified</pose>
		<truncated>0</truncated>
		<difficult>0</difficult>
		<bndbox>
			<xmin>835</xmin>
			<ymin>196</ymin>
			<xmax>933</xmax>
			<ymax>381</ymax>
		</bndbox>
	</object>
</annotation>
