<annotation>
	<folder>fotos</folder>
	<filename>Pics_24.jpg</filename>
	<path>/home/stefanipastre/Documentos/novo/fotos/Pics_24.jpg</path>
	<source>
		<database>Unknown</database>
	</source>
	<size>
		<width>1280</width>
		<height>720</height>
		<depth>3</depth>
	</size>
	<segmented>0</segmented>
	<object>
		<name>sem capacete area 3</name>
		<pose>Unspecified</pose>
		<truncated>0</truncated>
		<difficult>0</difficult>
		<bndbox>
			<xmin>301</xmin>
			<ymin>135</ymin>
			<xmax>515</xmax>
			<ymax>472</ymax>
		</bndbox>
	</object>
	<object>
		<name>sem protetor auricular area 2</name>
		<pose>Unspecified</pose>
		<truncated>0</truncated>
		<difficult>0</difficult>
		<bndbox>
			<xmin>544</xmin>
			<ymin>49</ymin>
			<xmax>695</xmax>
			<ymax>397</ymax>
		</bndbox>
	</object>
	<object>
		<name>sem EPI area 1</name>
		<pose>Unspecified</pose>
		<truncated>0</truncated>
		<difficult>0</difficult>
		<bndbox>
			<xmin>852</xmin>
			<ymin>62</ymin>
			<xmax>1024</xmax>
			<ymax>403</ymax>
		</bndbox>
	</object>
</annotation>
