<annotation>
	<folder>fotos</folder>
	<filename>Pics_156.jpg</filename>
	<path>/home/stefanipastre/Documentos/novo/fotos/Pics_156.jpg</path>
	<source>
		<database>Unknown</database>
	</source>
	<size>
		<width>1280</width>
		<height>720</height>
		<depth>3</depth>
	</size>
	<segmented>0</segmented>
	<object>
		<name>EPI incorreto area 3</name>
		<pose>Unspecified</pose>
		<truncated>0</truncated>
		<difficult>0</difficult>
		<bndbox>
			<xmin>292</xmin>
			<ymin>247</ymin>
			<xmax>535</xmax>
			<ymax>665</ymax>
		</bndbox>
	</object>
	<object>
		<name>EPI incorreto area 2</name>
		<pose>Unspecified</pose>
		<truncated>0</truncated>
		<difficult>0</difficult>
		<bndbox>
			<xmin>577</xmin>
			<ymin>84</ymin>
			<xmax>764</xmax>
			<ymax>442</ymax>
		</bndbox>
	</object>
	<object>
		<name>sem EPI area 1</name>
		<pose>Unspecified</pose>
		<truncated>0</truncated>
		<difficult>0</difficult>
		<bndbox>
			<xmin>855</xmin>
			<ymin>313</ymin>
			<xmax>1112</xmax>
			<ymax>677</ymax>
		</bndbox>
	</object>
</annotation>
