<annotation>
	<folder>fotos</folder>
	<filename>Pics_28.jpg</filename>
	<path>/home/stefanipastre/Documentos/novo/fotos/Pics_28.jpg</path>
	<source>
		<database>Unknown</database>
	</source>
	<size>
		<width>1280</width>
		<height>720</height>
		<depth>3</depth>
	</size>
	<segmented>0</segmented>
	<object>
		<name>sem capacete area 3</name>
		<pose>Unspecified</pose>
		<truncated>0</truncated>
		<difficult>0</difficult>
		<bndbox>
			<xmin>285</xmin>
			<ymin>140</ymin>
			<xmax>476</xmax>
			<ymax>503</ymax>
		</bndbox>
	</object>
	<object>
		<name>sem protetor auricular area 2</name>
		<pose>Unspecified</pose>
		<truncated>0</truncated>
		<difficult>0</difficult>
		<bndbox>
			<xmin>867</xmin>
			<ymin>44</ymin>
			<xmax>1075</xmax>
			<ymax>377</ymax>
		</bndbox>
	</object>
	<object>
		<name>sem EPI area 1</name>
		<pose>Unspecified</pose>
		<truncated>0</truncated>
		<difficult>0</difficult>
		<bndbox>
			<xmin>501</xmin>
			<ymin>121</ymin>
			<xmax>648</xmax>
			<ymax>492</ymax>
		</bndbox>
	</object>
</annotation>
