<annotation>
	<folder>fotos</folder>
	<filename>Pics_27.jpg</filename>
	<path>/home/stefanipastre/Documentos/novo/fotos/Pics_27.jpg</path>
	<source>
		<database>Unknown</database>
	</source>
	<size>
		<width>1280</width>
		<height>720</height>
		<depth>3</depth>
	</size>
	<segmented>0</segmented>
	<object>
		<name>sem capacete area 3</name>
		<pose>Unspecified</pose>
		<truncated>0</truncated>
		<difficult>0</difficult>
		<bndbox>
			<xmin>302</xmin>
			<ymin>134</ymin>
			<xmax>517</xmax>
			<ymax>470</ymax>
		</bndbox>
	</object>
	<object>
		<name>sem protetor auricular area 2</name>
		<pose>Unspecified</pose>
		<truncated>0</truncated>
		<difficult>0</difficult>
		<bndbox>
			<xmin>909</xmin>
			<ymin>45</ymin>
			<xmax>1104</xmax>
			<ymax>373</ymax>
		</bndbox>
	</object>
	<object>
		<name>sem EPI area 1</name>
		<pose>Unspecified</pose>
		<truncated>0</truncated>
		<difficult>0</difficult>
		<bndbox>
			<xmin>651</xmin>
			<ymin>115</ymin>
			<xmax>834</xmax>
			<ymax>470</ymax>
		</bndbox>
	</object>
</annotation>
