<annotation>
	<folder>fotos</folder>
	<filename>Pics_95.jpg</filename>
	<path>/home/stefanipastre/Documentos/novo/fotos/Pics_95.jpg</path>
	<source>
		<database>Unknown</database>
	</source>
	<size>
		<width>1280</width>
		<height>720</height>
		<depth>3</depth>
	</size>
	<segmented>0</segmented>
	<object>
		<name>sem capacete area 3</name>
		<pose>Unspecified</pose>
		<truncated>0</truncated>
		<difficult>0</difficult>
		<bndbox>
			<xmin>927</xmin>
			<ymin>234</ymin>
			<xmax>1245</xmax>
			<ymax>561</ymax>
		</bndbox>
	</object>
	<object>
		<name>sem protetor auricular area 2</name>
		<pose>Unspecified</pose>
		<truncated>0</truncated>
		<difficult>0</difficult>
		<bndbox>
			<xmin>193</xmin>
			<ymin>225</ymin>
			<xmax>471</xmax>
			<ymax>613</ymax>
		</bndbox>
	</object>
	<object>
		<name>extintor sem sinalizar</name>
		<pose>Unspecified</pose>
		<truncated>0</truncated>
		<difficult>0</difficult>
		<bndbox>
			<xmin>448</xmin>
			<ymin>114</ymin>
			<xmax>566</xmax>
			<ymax>304</ymax>
		</bndbox>
	</object>
</annotation>
