<annotation>
	<folder>fotos</folder>
	<filename>Pics_145.jpg</filename>
	<path>/home/stefanipastre/Documentos/novo/fotos/Pics_145.jpg</path>
	<source>
		<database>Unknown</database>
	</source>
	<size>
		<width>1280</width>
		<height>720</height>
		<depth>3</depth>
	</size>
	<segmented>0</segmented>
	<object>
		<name>EPI incorreto area 3</name>
		<pose>Unspecified</pose>
		<truncated>0</truncated>
		<difficult>0</difficult>
		<bndbox>
			<xmin>412</xmin>
			<ymin>167</ymin>
			<xmax>562</xmax>
			<ymax>547</ymax>
		</bndbox>
	</object>
	<object>
		<name>EPI incorreto area 2</name>
		<pose>Unspecified</pose>
		<truncated>0</truncated>
		<difficult>0</difficult>
		<bndbox>
			<xmin>581</xmin>
			<ymin>82</ymin>
			<xmax>770</xmax>
			<ymax>444</ymax>
		</bndbox>
	</object>
</annotation>
