<annotation>
	<folder>fotos</folder>
	<filename>Pics_131.jpg</filename>
	<path>/home/stefanipastre/Documentos/novo/fotos/Pics_131.jpg</path>
	<source>
		<database>Unknown</database>
	</source>
	<size>
		<width>1280</width>
		<height>720</height>
		<depth>3</depth>
	</size>
	<segmented>0</segmented>
	<object>
		<name>EPI incorreto area 3</name>
		<pose>Unspecified</pose>
		<truncated>0</truncated>
		<difficult>0</difficult>
		<bndbox>
			<xmin>657</xmin>
			<ymin>144</ymin>
			<xmax>862</xmax>
			<ymax>524</ymax>
		</bndbox>
	</object>
	<object>
		<name>EPI incorreto area 2</name>
		<pose>Unspecified</pose>
		<truncated>0</truncated>
		<difficult>0</difficult>
		<bndbox>
			<xmin>311</xmin>
			<ymin>109</ymin>
			<xmax>513</xmax>
			<ymax>501</ymax>
		</bndbox>
	</object>
	<object>
		<name>extintor sem sinalizar</name>
		<pose>Unspecified</pose>
		<truncated>0</truncated>
		<difficult>0</difficult>
		<bndbox>
			<xmin>841</xmin>
			<ymin>195</ymin>
			<xmax>938</xmax>
			<ymax>383</ymax>
		</bndbox>
	</object>
</annotation>
