<annotation>
	<folder>fotos</folder>
	<filename>Pics_23.jpg</filename>
	<path>/home/stefanipastre/Documentos/novo/fotos/Pics_23.jpg</path>
	<source>
		<database>Unknown</database>
	</source>
	<size>
		<width>1280</width>
		<height>720</height>
		<depth>3</depth>
	</size>
	<segmented>0</segmented>
	<object>
		<name>sem capacete area 3</name>
		<pose>Unspecified</pose>
		<truncated>0</truncated>
		<difficult>0</difficult>
		<bndbox>
			<xmin>156</xmin>
			<ymin>186</ymin>
			<xmax>393</xmax>
			<ymax>559</ymax>
		</bndbox>
	</object>
	<object>
		<name>sem protetor auricular area 2</name>
		<pose>Unspecified</pose>
		<truncated>0</truncated>
		<difficult>0</difficult>
		<bndbox>
			<xmin>548</xmin>
			<ymin>43</ymin>
			<xmax>694</xmax>
			<ymax>387</ymax>
		</bndbox>
	</object>
	<object>
		<name>sem EPI area 1</name>
		<pose>Unspecified</pose>
		<truncated>0</truncated>
		<difficult>0</difficult>
		<bndbox>
			<xmin>846</xmin>
			<ymin>55</ymin>
			<xmax>1024</xmax>
			<ymax>399</ymax>
		</bndbox>
	</object>
</annotation>
