<annotation>
	<folder>fotos</folder>
	<filename>Pics_100.jpg</filename>
	<path>/home/stefanipastre/Documentos/novo/fotos/Pics_100.jpg</path>
	<source>
		<database>Unknown</database>
	</source>
	<size>
		<width>1280</width>
		<height>720</height>
		<depth>3</depth>
	</size>
	<segmented>0</segmented>
	<object>
		<name>sem EPI area 1</name>
		<pose>Unspecified</pose>
		<truncated>0</truncated>
		<difficult>0</difficult>
		<bndbox>
			<xmin>751</xmin>
			<ymin>111</ymin>
			<xmax>931</xmax>
			<ymax>490</ymax>
		</bndbox>
	</object>
	<object>
		<name>extintor sem sinalizar</name>
		<pose>Unspecified</pose>
		<truncated>0</truncated>
		<difficult>0</difficult>
		<bndbox>
			<xmin>521</xmin>
			<ymin>144</ymin>
			<xmax>621</xmax>
			<ymax>327</ymax>
		</bndbox>
	</object>
</annotation>
