<annotation>
	<folder>fotos</folder>
	<filename>Pics_154.jpg</filename>
	<path>/home/stefanipastre/Documentos/novo/fotos/Pics_154.jpg</path>
	<source>
		<database>Unknown</database>
	</source>
	<size>
		<width>1280</width>
		<height>720</height>
		<depth>3</depth>
	</size>
	<segmented>0</segmented>
	<object>
		<name>EPI incorreto area 3</name>
		<pose>Unspecified</pose>
		<truncated>0</truncated>
		<difficult>0</difficult>
		<bndbox>
			<xmin>216</xmin>
			<ymin>97</ymin>
			<xmax>398</xmax>
			<ymax>444</ymax>
		</bndbox>
	</object>
	<object>
		<name>EPI incorreto area 2</name>
		<pose>Unspecified</pose>
		<truncated>0</truncated>
		<difficult>0</difficult>
		<bndbox>
			<xmin>664</xmin>
			<ymin>84</ymin>
			<xmax>815</xmax>
			<ymax>437</ymax>
		</bndbox>
	</object>
	<object>
		<name>sem EPI area 1</name>
		<pose>Unspecified</pose>
		<truncated>0</truncated>
		<difficult>0</difficult>
		<bndbox>
			<xmin>877</xmin>
			<ymin>264</ymin>
			<xmax>1096</xmax>
			<ymax>630</ymax>
		</bndbox>
	</object>
</annotation>
