<annotation>
	<folder>fotos</folder>
	<filename>Pics_48.jpg</filename>
	<path>/home/stefanipastre/Documentos/novo/fotos/Pics_48.jpg</path>
	<source>
		<database>Unknown</database>
	</source>
	<size>
		<width>1280</width>
		<height>720</height>
		<depth>3</depth>
	</size>
	<segmented>0</segmented>
	<object>
		<name>sem capacete area 3</name>
		<pose>Unspecified</pose>
		<truncated>0</truncated>
		<difficult>0</difficult>
		<bndbox>
			<xmin>892</xmin>
			<ymin>137</ymin>
			<xmax>1138</xmax>
			<ymax>489</ymax>
		</bndbox>
	</object>
	<object>
		<name>sem protetor auricular area 2</name>
		<pose>Unspecified</pose>
		<truncated>0</truncated>
		<difficult>0</difficult>
		<bndbox>
			<xmin>623</xmin>
			<ymin>161</ymin>
			<xmax>794</xmax>
			<ymax>542</ymax>
		</bndbox>
	</object>
	<object>
		<name>sem EPI area 1</name>
		<pose>Unspecified</pose>
		<truncated>0</truncated>
		<difficult>0</difficult>
		<bndbox>
			<xmin>236</xmin>
			<ymin>178</ymin>
			<xmax>477</xmax>
			<ymax>559</ymax>
		</bndbox>
	</object>
</annotation>
