<annotation>
	<folder>fotos</folder>
	<filename>Pics_77.jpg</filename>
	<path>/home/stefanipastre/Documentos/novo/fotos/Pics_77.jpg</path>
	<source>
		<database>Unknown</database>
	</source>
	<size>
		<width>1280</width>
		<height>720</height>
		<depth>3</depth>
	</size>
	<segmented>0</segmented>
	<object>
		<name>sem capacete area 3</name>
		<pose>Unspecified</pose>
		<truncated>0</truncated>
		<difficult>0</difficult>
		<bndbox>
			<xmin>929</xmin>
			<ymin>215</ymin>
			<xmax>1190</xmax>
			<ymax>614</ymax>
		</bndbox>
	</object>
	<object>
		<name>sem protetor auricular area 2</name>
		<pose>Unspecified</pose>
		<truncated>0</truncated>
		<difficult>0</difficult>
		<bndbox>
			<xmin>246</xmin>
			<ymin>5</ymin>
			<xmax>483</xmax>
			<ymax>359</ymax>
		</bndbox>
	</object>
	<object>
		<name>extintor sem sinalizar</name>
		<pose>Unspecified</pose>
		<truncated>0</truncated>
		<difficult>0</difficult>
		<bndbox>
			<xmin>124</xmin>
			<ymin>423</ymin>
			<xmax>259</xmax>
			<ymax>617</ymax>
		</bndbox>
	</object>
</annotation>
