<annotation>
	<folder>fotos</folder>
	<filename>Pics_81.jpg</filename>
	<path>/home/stefanipastre/Documentos/novo/fotos/Pics_81.jpg</path>
	<source>
		<database>Unknown</database>
	</source>
	<size>
		<width>1280</width>
		<height>720</height>
		<depth>3</depth>
	</size>
	<segmented>0</segmented>
	<object>
		<name>sem capacete area 3</name>
		<pose>Unspecified</pose>
		<truncated>0</truncated>
		<difficult>0</difficult>
		<bndbox>
			<xmin>602</xmin>
			<ymin>2</ymin>
			<xmax>787</xmax>
			<ymax>336</ymax>
		</bndbox>
	</object>
	<object>
		<name>sem protetor auricular area 2</name>
		<pose>Unspecified</pose>
		<truncated>0</truncated>
		<difficult>0</difficult>
		<bndbox>
			<xmin>370</xmin>
			<ymin>52</ymin>
			<xmax>596</xmax>
			<ymax>428</ymax>
		</bndbox>
	</object>
	<object>
		<name>extintor sem sinalizar</name>
		<pose>Unspecified</pose>
		<truncated>0</truncated>
		<difficult>0</difficult>
		<bndbox>
			<xmin>1102</xmin>
			<ymin>91</ymin>
			<xmax>1233</xmax>
			<ymax>296</ymax>
		</bndbox>
	</object>
</annotation>
