<annotation>
	<folder>fotos</folder>
	<filename>Pics_75.jpg</filename>
	<path>/home/stefanipastre/Documentos/novo/fotos/Pics_75.jpg</path>
	<source>
		<database>Unknown</database>
	</source>
	<size>
		<width>1280</width>
		<height>720</height>
		<depth>3</depth>
	</size>
	<segmented>0</segmented>
	<object>
		<name>sem capacete area 3</name>
		<pose>Unspecified</pose>
		<truncated>0</truncated>
		<difficult>0</difficult>
		<bndbox>
			<xmin>939</xmin>
			<ymin>213</ymin>
			<xmax>1204</xmax>
			<ymax>627</ymax>
		</bndbox>
	</object>
	<object>
		<name>sem protetor auricular area 2</name>
		<pose>Unspecified</pose>
		<truncated>0</truncated>
		<difficult>0</difficult>
		<bndbox>
			<xmin>271</xmin>
			<ymin>241</ymin>
			<xmax>532</xmax>
			<ymax>642</ymax>
		</bndbox>
	</object>
	<object>
		<name>extintor sem sinalizar</name>
		<pose>Unspecified</pose>
		<truncated>0</truncated>
		<difficult>0</difficult>
		<bndbox>
			<xmin>240</xmin>
			<ymin>222</ymin>
			<xmax>303</xmax>
			<ymax>393</ymax>
		</bndbox>
	</object>
</annotation>
