<annotation>
	<folder>fotos</folder>
	<filename>Pics_35.jpg</filename>
	<path>/home/stefanipastre/Documentos/novo/fotos/Pics_35.jpg</path>
	<source>
		<database>Unknown</database>
	</source>
	<size>
		<width>1280</width>
		<height>720</height>
		<depth>3</depth>
	</size>
	<segmented>0</segmented>
	<object>
		<name>sem capacete area 3</name>
		<pose>Unspecified</pose>
		<truncated>0</truncated>
		<difficult>0</difficult>
		<bndbox>
			<xmin>892</xmin>
			<ymin>127</ymin>
			<xmax>1113</xmax>
			<ymax>450</ymax>
		</bndbox>
	</object>
	<object>
		<name>sem protetor auricular area 2</name>
		<pose>Unspecified</pose>
		<truncated>0</truncated>
		<difficult>0</difficult>
		<bndbox>
			<xmin>203</xmin>
			<ymin>206</ymin>
			<xmax>477</xmax>
			<ymax>589</ymax>
		</bndbox>
	</object>
	<object>
		<name>sem EPI area 1</name>
		<pose>Unspecified</pose>
		<truncated>0</truncated>
		<difficult>0</difficult>
		<bndbox>
			<xmin>435</xmin>
			<ymin>12</ymin>
			<xmax>629</xmax>
			<ymax>340</ymax>
		</bndbox>
	</object>
</annotation>
