<annotation>
	<folder>fotos</folder>
	<filename>Pics_114.jpg</filename>
	<path>/home/stefanipastre/Documentos/novo/fotos/Pics_114.jpg</path>
	<source>
		<database>Unknown</database>
	</source>
	<size>
		<width>1280</width>
		<height>720</height>
		<depth>3</depth>
	</size>
	<segmented>0</segmented>
	<object>
		<name>sem capacete area 3</name>
		<pose>Unspecified</pose>
		<truncated>0</truncated>
		<difficult>0</difficult>
		<bndbox>
			<xmin>644</xmin>
			<ymin>163</ymin>
			<xmax>907</xmax>
			<ymax>485</ymax>
		</bndbox>
	</object>
	<object>
		<name>sem protetor auricular area 2</name>
		<pose>Unspecified</pose>
		<truncated>0</truncated>
		<difficult>0</difficult>
		<bndbox>
			<xmin>865</xmin>
			<ymin>310</ymin>
			<xmax>1190</xmax>
			<ymax>680</ymax>
		</bndbox>
	</object>
	<object>
		<name>extintor sem sinalizar</name>
		<pose>Unspecified</pose>
		<truncated>0</truncated>
		<difficult>0</difficult>
		<bndbox>
			<xmin>389</xmin>
			<ymin>223</ymin>
			<xmax>497</xmax>
			<ymax>407</ymax>
		</bndbox>
	</object>
</annotation>
