<annotation>
	<folder>fotos</folder>
	<filename>Pics_36.jpg</filename>
	<path>/home/stefanipastre/Documentos/novo/fotos/Pics_36.jpg</path>
	<source>
		<database>Unknown</database>
	</source>
	<size>
		<width>1280</width>
		<height>720</height>
		<depth>3</depth>
	</size>
	<segmented>0</segmented>
	<object>
		<name>sem capacete area 3</name>
		<pose>Unspecified</pose>
		<truncated>0</truncated>
		<difficult>0</difficult>
		<bndbox>
			<xmin>532</xmin>
			<ymin>56</ymin>
			<xmax>705</xmax>
			<ymax>366</ymax>
		</bndbox>
	</object>
	<object>
		<name>sem protetor auricular area 2</name>
		<pose>Unspecified</pose>
		<truncated>0</truncated>
		<difficult>0</difficult>
		<bndbox>
			<xmin>200</xmin>
			<ymin>204</ymin>
			<xmax>480</xmax>
			<ymax>589</ymax>
		</bndbox>
	</object>
	<object>
		<name>sem EPI area 1</name>
		<pose>Unspecified</pose>
		<truncated>0</truncated>
		<difficult>0</difficult>
		<bndbox>
			<xmin>673</xmin>
			<ymin>211</ymin>
			<xmax>839</xmax>
			<ymax>585</ymax>
		</bndbox>
	</object>
</annotation>
