<annotation>
	<folder>fotos</folder>
	<filename>Pics_33.jpg</filename>
	<path>/home/stefanipastre/Documentos/novo/fotos/Pics_33.jpg</path>
	<source>
		<database>Unknown</database>
	</source>
	<size>
		<width>1280</width>
		<height>720</height>
		<depth>3</depth>
	</size>
	<segmented>0</segmented>
	<object>
		<name>sem capacete area 3</name>
		<pose>Unspecified</pose>
		<truncated>0</truncated>
		<difficult>0</difficult>
		<bndbox>
			<xmin>888</xmin>
			<ymin>123</ymin>
			<xmax>1117</xmax>
			<ymax>446</ymax>
		</bndbox>
	</object>
	<object>
		<name>sem protetor auricular area 2</name>
		<pose>Unspecified</pose>
		<truncated>0</truncated>
		<difficult>0</difficult>
		<bndbox>
			<xmin>554</xmin>
			<ymin>114</ymin>
			<xmax>783</xmax>
			<ymax>478</ymax>
		</bndbox>
	</object>
	<object>
		<name>sem EPI area 1</name>
		<pose>Unspecified</pose>
		<truncated>0</truncated>
		<difficult>0</difficult>
		<bndbox>
			<xmin>373</xmin>
			<ymin>130</ymin>
			<xmax>545</xmax>
			<ymax>487</ymax>
		</bndbox>
	</object>
</annotation>
