<annotation>
	<folder>fotos</folder>
	<filename>Pics_99.jpg</filename>
	<path>/home/stefanipastre/Documentos/novo/fotos/Pics_99.jpg</path>
	<source>
		<database>Unknown</database>
	</source>
	<size>
		<width>1280</width>
		<height>720</height>
		<depth>3</depth>
	</size>
	<segmented>0</segmented>
	<object>
		<name>sem capacete area 3</name>
		<pose>Unspecified</pose>
		<truncated>0</truncated>
		<difficult>0</difficult>
		<bndbox>
			<xmin>991</xmin>
			<ymin>18</ymin>
			<xmax>1237</xmax>
			<ymax>374</ymax>
		</bndbox>
	</object>
	<object>
		<name>sem protetor auricular area 1</name>
		<pose>Unspecified</pose>
		<truncated>0</truncated>
		<difficult>0</difficult>
		<bndbox>
			<xmin>628</xmin>
			<ymin>171</ymin>
			<xmax>805</xmax>
			<ymax>587</ymax>
		</bndbox>
	</object>
	<object>
		<name>extintor sem sinalizar</name>
		<pose>Unspecified</pose>
		<truncated>0</truncated>
		<difficult>0</difficult>
		<bndbox>
			<xmin>513</xmin>
			<ymin>142</ymin>
			<xmax>617</xmax>
			<ymax>327</ymax>
		</bndbox>
	</object>
</annotation>
