<annotation>
	<folder>fotos</folder>
	<filename>Pics_85.jpg</filename>
	<path>/home/stefanipastre/Documentos/novo/fotos/Pics_85.jpg</path>
	<source>
		<database>Unknown</database>
	</source>
	<size>
		<width>1280</width>
		<height>720</height>
		<depth>3</depth>
	</size>
	<segmented>0</segmented>
	<object>
		<name>sem capacete area 3</name>
		<pose>Unspecified</pose>
		<truncated>0</truncated>
		<difficult>0</difficult>
		<bndbox>
			<xmin>696</xmin>
			<ymin>161</ymin>
			<xmax>917</xmax>
			<ymax>522</ymax>
		</bndbox>
	</object>
	<object>
		<name>sem protetor auricular area 2</name>
		<pose>Unspecified</pose>
		<truncated>0</truncated>
		<difficult>0</difficult>
		<bndbox>
			<xmin>953</xmin>
			<ymin>182</ymin>
			<xmax>1238</xmax>
			<ymax>564</ymax>
		</bndbox>
	</object>
	<object>
		<name>extintor sem sinalizar</name>
		<pose>Unspecified</pose>
		<truncated>0</truncated>
		<difficult>0</difficult>
		<bndbox>
			<xmin>1130</xmin>
			<ymin>89</ymin>
			<xmax>1234</xmax>
			<ymax>197</ymax>
		</bndbox>
	</object>
</annotation>
