<annotation>
	<folder>fotos</folder>
	<filename>Pics_158.jpg</filename>
	<path>/home/stefanipastre/Documentos/novo/fotos/Pics_158.jpg</path>
	<source>
		<database>Unknown</database>
	</source>
	<size>
		<width>1280</width>
		<height>720</height>
		<depth>3</depth>
	</size>
	<segmented>0</segmented>
	<object>
		<name>EPI incorreto area 3</name>
		<pose>Unspecified</pose>
		<truncated>0</truncated>
		<difficult>0</difficult>
		<bndbox>
			<xmin>932</xmin>
			<ymin>142</ymin>
			<xmax>1157</xmax>
			<ymax>516</ymax>
		</bndbox>
	</object>
	<object>
		<name>EPI incorreto area 2</name>
		<pose>Unspecified</pose>
		<truncated>0</truncated>
		<difficult>0</difficult>
		<bndbox>
			<xmin>587</xmin>
			<ymin>81</ymin>
			<xmax>767</xmax>
			<ymax>440</ymax>
		</bndbox>
	</object>
	<object>
		<name>sem EPI area 1</name>
		<pose>Unspecified</pose>
		<truncated>0</truncated>
		<difficult>0</difficult>
		<bndbox>
			<xmin>317</xmin>
			<ymin>212</ymin>
			<xmax>491</xmax>
			<ymax>574</ymax>
		</bndbox>
	</object>
</annotation>
