<annotation>
	<folder>fotos</folder>
	<filename>Pics_30.jpg</filename>
	<path>/home/stefanipastre/Documentos/novo/fotos/Pics_30.jpg</path>
	<source>
		<database>Unknown</database>
	</source>
	<size>
		<width>1280</width>
		<height>720</height>
		<depth>3</depth>
	</size>
	<segmented>0</segmented>
	<object>
		<name>sem capacete area 3</name>
		<pose>Unspecified</pose>
		<truncated>0</truncated>
		<difficult>0</difficult>
		<bndbox>
			<xmin>291</xmin>
			<ymin>137</ymin>
			<xmax>470</xmax>
			<ymax>505</ymax>
		</bndbox>
	</object>
	<object>
		<name>sem protetor auricular area 2</name>
		<pose>Unspecified</pose>
		<truncated>0</truncated>
		<difficult>0</difficult>
		<bndbox>
			<xmin>652</xmin>
			<ymin>166</ymin>
			<xmax>789</xmax>
			<ymax>541</ymax>
		</bndbox>
	</object>
	<object>
		<name>sem EPI area 1</name>
		<pose>Unspecified</pose>
		<truncated>0</truncated>
		<difficult>0</difficult>
		<bndbox>
			<xmin>457</xmin>
			<ymin>66</ymin>
			<xmax>656</xmax>
			<ymax>412</ymax>
		</bndbox>
	</object>
</annotation>
