<annotation>
	<folder>fotos</folder>
	<filename>Pics_82.jpg</filename>
	<path>/home/stefanipastre/Documentos/novo/fotos/Pics_82.jpg</path>
	<source>
		<database>Unknown</database>
	</source>
	<size>
		<width>1280</width>
		<height>720</height>
		<depth>3</depth>
	</size>
	<segmented>0</segmented>
	<object>
		<name>sem capacete area 3</name>
		<pose>Unspecified</pose>
		<truncated>1</truncated>
		<difficult>0</difficult>
		<bndbox>
			<xmin>602</xmin>
			<ymin>1</ymin>
			<xmax>785</xmax>
			<ymax>337</ymax>
		</bndbox>
	</object>
	<object>
		<name>sem protetor auricular area 2</name>
		<pose>Unspecified</pose>
		<truncated>0</truncated>
		<difficult>0</difficult>
		<bndbox>
			<xmin>374</xmin>
			<ymin>50</ymin>
			<xmax>596</xmax>
			<ymax>429</ymax>
		</bndbox>
	</object>
	<object>
		<name>extintor sem sinalizar</name>
		<pose>Unspecified</pose>
		<truncated>0</truncated>
		<difficult>0</difficult>
		<bndbox>
			<xmin>1113</xmin>
			<ymin>82</ymin>
			<xmax>1244</xmax>
			<ymax>296</ymax>
		</bndbox>
	</object>
</annotation>
