<annotation>
	<folder>fotos</folder>
	<filename>Pics_63.jpg</filename>
	<path>/home/stefanipastre/Documentos/novo/fotos/Pics_63.jpg</path>
	<source>
		<database>Unknown</database>
	</source>
	<size>
		<width>1280</width>
		<height>720</height>
		<depth>3</depth>
	</size>
	<segmented>0</segmented>
	<object>
		<name>sem EPI area 1</name>
		<pose>Unspecified</pose>
		<truncated>0</truncated>
		<difficult>0</difficult>
		<bndbox>
			<xmin>230</xmin>
			<ymin>65</ymin>
			<xmax>451</xmax>
			<ymax>418</ymax>
		</bndbox>
	</object>
	<object>
		<name>extintor sem sinalizar</name>
		<pose>Unspecified</pose>
		<truncated>0</truncated>
		<difficult>0</difficult>
		<bndbox>
			<xmin>750</xmin>
			<ymin>126</ymin>
			<xmax>866</xmax>
			<ymax>320</ymax>
		</bndbox>
	</object>
</annotation>
