<annotation>
	<folder>fotos</folder>
	<filename>Pics_47.jpg</filename>
	<path>/home/stefanipastre/Documentos/novo/fotos/Pics_47.jpg</path>
	<source>
		<database>Unknown</database>
	</source>
	<size>
		<width>1280</width>
		<height>720</height>
		<depth>3</depth>
	</size>
	<segmented>0</segmented>
	<object>
		<name>sem capacete area 3</name>
		<pose>Unspecified</pose>
		<truncated>0</truncated>
		<difficult>0</difficult>
		<bndbox>
			<xmin>904</xmin>
			<ymin>112</ymin>
			<xmax>1139</xmax>
			<ymax>479</ymax>
		</bndbox>
	</object>
	<object>
		<name>sem protetor auricular area 2</name>
		<pose>Unspecified</pose>
		<truncated>0</truncated>
		<difficult>0</difficult>
		<bndbox>
			<xmin>624</xmin>
			<ymin>160</ymin>
			<xmax>833</xmax>
			<ymax>510</ymax>
		</bndbox>
	</object>
	<object>
		<name>sem EPI area 1</name>
		<pose>Unspecified</pose>
		<truncated>0</truncated>
		<difficult>0</difficult>
		<bndbox>
			<xmin>317</xmin>
			<ymin>162</ymin>
			<xmax>557</xmax>
			<ymax>519</ymax>
		</bndbox>
	</object>
</annotation>
