<annotation>
	<folder>fotos</folder>
	<filename>Pics_37.jpg</filename>
	<path>/home/stefanipastre/Documentos/novo/fotos/Pics_37.jpg</path>
	<source>
		<database>Unknown</database>
	</source>
	<size>
		<width>1280</width>
		<height>720</height>
		<depth>3</depth>
	</size>
	<segmented>0</segmented>
	<object>
		<name>sem capacete area 3</name>
		<pose>Unspecified</pose>
		<truncated>0</truncated>
		<difficult>0</difficult>
		<bndbox>
			<xmin>868</xmin>
			<ymin>173</ymin>
			<xmax>1100</xmax>
			<ymax>561</ymax>
		</bndbox>
	</object>
	<object>
		<name>sem protetor auricular area 2</name>
		<pose>Unspecified</pose>
		<truncated>0</truncated>
		<difficult>0</difficult>
		<bndbox>
			<xmin>679</xmin>
			<ymin>52</ymin>
			<xmax>892</xmax>
			<ymax>412</ymax>
		</bndbox>
	</object>
	<object>
		<name>sem EPI area 1</name>
		<pose>Unspecified</pose>
		<truncated>0</truncated>
		<difficult>0</difficult>
		<bndbox>
			<xmin>519</xmin>
			<ymin>122</ymin>
			<xmax>693</xmax>
			<ymax>484</ymax>
		</bndbox>
	</object>
</annotation>
