<annotation>
	<folder>fotos</folder>
	<filename>Pics_118.jpg</filename>
	<path>/home/stefanipastre/Documentos/novo/fotos/Pics_118.jpg</path>
	<source>
		<database>Unknown</database>
	</source>
	<size>
		<width>1280</width>
		<height>720</height>
		<depth>3</depth>
	</size>
	<segmented>0</segmented>
	<object>
		<name>sem capacete area 3</name>
		<pose>Unspecified</pose>
		<truncated>0</truncated>
		<difficult>0</difficult>
		<bndbox>
			<xmin>605</xmin>
			<ymin>102</ymin>
			<xmax>803</xmax>
			<ymax>475</ymax>
		</bndbox>
	</object>
	<object>
		<name>extintor sem sinalizar</name>
		<pose>Unspecified</pose>
		<truncated>0</truncated>
		<difficult>0</difficult>
		<bndbox>
			<xmin>387</xmin>
			<ymin>225</ymin>
			<xmax>507</xmax>
			<ymax>402</ymax>
		</bndbox>
	</object>
</annotation>
