<annotation>
	<folder>fotos</folder>
	<filename>Pics_138.jpg</filename>
	<path>/home/stefanipastre/Documentos/novo/fotos/Pics_138.jpg</path>
	<source>
		<database>Unknown</database>
	</source>
	<size>
		<width>1280</width>
		<height>720</height>
		<depth>3</depth>
	</size>
	<segmented>0</segmented>
	<object>
		<name>EPI incorreto area 3</name>
		<pose>Unspecified</pose>
		<truncated>0</truncated>
		<difficult>0</difficult>
		<bndbox>
			<xmin>836</xmin>
			<ymin>259</ymin>
			<xmax>1101</xmax>
			<ymax>623</ymax>
		</bndbox>
	</object>
	<object>
		<name>EPI incorreto area 2</name>
		<pose>Unspecified</pose>
		<truncated>0</truncated>
		<difficult>0</difficult>
		<bndbox>
			<xmin>342</xmin>
			<ymin>44</ymin>
			<xmax>511</xmax>
			<ymax>413</ymax>
		</bndbox>
	</object>
</annotation>
