<annotation>
	<folder>fotos</folder>
	<filename>Pics_71.jpg</filename>
	<path>/home/stefanipastre/Documentos/novo/fotos/Pics_71.jpg</path>
	<source>
		<database>Unknown</database>
	</source>
	<size>
		<width>1280</width>
		<height>720</height>
		<depth>3</depth>
	</size>
	<segmented>0</segmented>
	<object>
		<name>sem capacete area 3</name>
		<pose>Unspecified</pose>
		<truncated>0</truncated>
		<difficult>0</difficult>
		<bndbox>
			<xmin>1005</xmin>
			<ymin>50</ymin>
			<xmax>1254</xmax>
			<ymax>408</ymax>
		</bndbox>
	</object>
	<object>
		<name>extintor sem sinalizar</name>
		<pose>Unspecified</pose>
		<truncated>0</truncated>
		<difficult>0</difficult>
		<bndbox>
			<xmin>234</xmin>
			<ymin>224</ymin>
			<xmax>340</xmax>
			<ymax>421</ymax>
		</bndbox>
	</object>
</annotation>
