<annotation>
	<folder>fotos</folder>
	<filename>Pics_61.jpg</filename>
	<path>/home/stefanipastre/Documentos/novo/fotos/Pics_61.jpg</path>
	<source>
		<database>Unknown</database>
	</source>
	<size>
		<width>1280</width>
		<height>720</height>
		<depth>3</depth>
	</size>
	<segmented>0</segmented>
	<object>
		<name>sem EPI area 1</name>
		<pose>Unspecified</pose>
		<truncated>0</truncated>
		<difficult>0</difficult>
		<bndbox>
			<xmin>618</xmin>
			<ymin>184</ymin>
			<xmax>857</xmax>
			<ymax>543</ymax>
		</bndbox>
	</object>
	<object>
		<name>extintor sem sinalizar</name>
		<pose>Unspecified</pose>
		<truncated>0</truncated>
		<difficult>0</difficult>
		<bndbox>
			<xmin>1105</xmin>
			<ymin>340</ymin>
			<xmax>1251</xmax>
			<ymax>571</ymax>
		</bndbox>
	</object>
</annotation>
