<annotation>
	<folder>fotos</folder>
	<filename>Pics_72.jpg</filename>
	<path>/home/stefanipastre/Documentos/novo/fotos/Pics_72.jpg</path>
	<source>
		<database>Unknown</database>
	</source>
	<size>
		<width>1280</width>
		<height>720</height>
		<depth>3</depth>
	</size>
	<segmented>0</segmented>
	<object>
		<name>sem capacete area 3</name>
		<pose>Unspecified</pose>
		<truncated>0</truncated>
		<difficult>0</difficult>
		<bndbox>
			<xmin>938</xmin>
			<ymin>217</ymin>
			<xmax>1195</xmax>
			<ymax>624</ymax>
		</bndbox>
	</object>
	<object>
		<name>extintor sem sinalizar</name>
		<pose>Unspecified</pose>
		<truncated>0</truncated>
		<difficult>0</difficult>
		<bndbox>
			<xmin>244</xmin>
			<ymin>224</ymin>
			<xmax>343</xmax>
			<ymax>417</ymax>
		</bndbox>
	</object>
</annotation>
