<annotation>
	<folder>fotos</folder>
	<filename>Pics_130.jpg</filename>
	<path>/home/stefanipastre/Documentos/novo/fotos/Pics_130.jpg</path>
	<source>
		<database>Unknown</database>
	</source>
	<size>
		<width>1280</width>
		<height>720</height>
		<depth>3</depth>
	</size>
	<segmented>0</segmented>
	<object>
		<name>EPI incorreto area 3</name>
		<pose>Unspecified</pose>
		<truncated>0</truncated>
		<difficult>0</difficult>
		<bndbox>
			<xmin>649</xmin>
			<ymin>150</ymin>
			<xmax>854</xmax>
			<ymax>526</ymax>
		</bndbox>
	</object>
	<object>
		<name>EPI incorreto area 2</name>
		<pose>Unspecified</pose>
		<truncated>0</truncated>
		<difficult>0</difficult>
		<bndbox>
			<xmin>308</xmin>
			<ymin>109</ymin>
			<xmax>504</xmax>
			<ymax>504</ymax>
		</bndbox>
	</object>
	<object>
		<name>extintor sem sinalizar</name>
		<pose>Unspecified</pose>
		<truncated>0</truncated>
		<difficult>0</difficult>
		<bndbox>
			<xmin>836</xmin>
			<ymin>194</ymin>
			<xmax>934</xmax>
			<ymax>384</ymax>
		</bndbox>
	</object>
</annotation>
