<annotation>
	<folder>fotos</folder>
	<filename>Pics_142.jpg</filename>
	<path>/home/stefanipastre/Documentos/novo/fotos/Pics_142.jpg</path>
	<source>
		<database>Unknown</database>
	</source>
	<size>
		<width>1280</width>
		<height>720</height>
		<depth>3</depth>
	</size>
	<segmented>0</segmented>
	<object>
		<name>EPI incorreto area 3</name>
		<pose>Unspecified</pose>
		<truncated>0</truncated>
		<difficult>0</difficult>
		<bndbox>
			<xmin>307</xmin>
			<ymin>250</ymin>
			<xmax>541</xmax>
			<ymax>627</ymax>
		</bndbox>
	</object>
	<object>
		<name>EPI incorreto area 2</name>
		<pose>Unspecified</pose>
		<truncated>0</truncated>
		<difficult>0</difficult>
		<bndbox>
			<xmin>880</xmin>
			<ymin>84</ymin>
			<xmax>1091</xmax>
			<ymax>419</ymax>
		</bndbox>
	</object>
</annotation>
