<annotation>
	<folder>fotos</folder>
	<filename>Pics_45.jpg</filename>
	<path>/home/stefanipastre/Documentos/novo/fotos/Pics_45.jpg</path>
	<source>
		<database>Unknown</database>
	</source>
	<size>
		<width>1280</width>
		<height>720</height>
		<depth>3</depth>
	</size>
	<segmented>0</segmented>
	<object>
		<name>sem capacete area 3</name>
		<pose>Unspecified</pose>
		<truncated>0</truncated>
		<difficult>0</difficult>
		<bndbox>
			<xmin>555</xmin>
			<ymin>47</ymin>
			<xmax>745</xmax>
			<ymax>397</ymax>
		</bndbox>
	</object>
	<object>
		<name>sem protetor auricular area 2</name>
		<pose>Unspecified</pose>
		<truncated>0</truncated>
		<difficult>0</difficult>
		<bndbox>
			<xmin>792</xmin>
			<ymin>44</ymin>
			<xmax>992</xmax>
			<ymax>383</ymax>
		</bndbox>
	</object>
	<object>
		<name>sem EPI area 1</name>
		<pose>Unspecified</pose>
		<truncated>0</truncated>
		<difficult>0</difficult>
		<bndbox>
			<xmin>217</xmin>
			<ymin>186</ymin>
			<xmax>458</xmax>
			<ymax>548</ymax>
		</bndbox>
	</object>
</annotation>
