<annotation>
	<folder>fotos</folder>
	<filename>Pics_79.jpg</filename>
	<path>/home/stefanipastre/Documentos/novo/fotos/Pics_79.jpg</path>
	<source>
		<database>Unknown</database>
	</source>
	<size>
		<width>1280</width>
		<height>720</height>
		<depth>3</depth>
	</size>
	<segmented>0</segmented>
	<object>
		<name>sem protetor auricular area 2</name>
		<pose>Unspecified</pose>
		<truncated>0</truncated>
		<difficult>0</difficult>
		<bndbox>
			<xmin>454</xmin>
			<ymin>172</ymin>
			<xmax>678</xmax>
			<ymax>575</ymax>
		</bndbox>
	</object>
	<object>
		<name>extintor sem sinalizar</name>
		<pose>Unspecified</pose>
		<truncated>0</truncated>
		<difficult>0</difficult>
		<bndbox>
			<xmin>1109</xmin>
			<ymin>84</ymin>
			<xmax>1237</xmax>
			<ymax>297</ymax>
		</bndbox>
	</object>
</annotation>
