<annotation>
	<folder>fotos</folder>
	<filename>Pics_153.jpg</filename>
	<path>/home/stefanipastre/Documentos/novo/fotos/Pics_153.jpg</path>
	<source>
		<database>Unknown</database>
	</source>
	<size>
		<width>1280</width>
		<height>720</height>
		<depth>3</depth>
	</size>
	<segmented>0</segmented>
	<object>
		<name>EPI incorreto area 3</name>
		<pose>Unspecified</pose>
		<truncated>0</truncated>
		<difficult>0</difficult>
		<bndbox>
			<xmin>277</xmin>
			<ymin>237</ymin>
			<xmax>450</xmax>
			<ymax>652</ymax>
		</bndbox>
	</object>
	<object>
		<name>EPI incorreto area 2</name>
		<pose>Unspecified</pose>
		<truncated>0</truncated>
		<difficult>0</difficult>
		<bndbox>
			<xmin>641</xmin>
			<ymin>77</ymin>
			<xmax>816</xmax>
			<ymax>441</ymax>
		</bndbox>
	</object>
	<object>
		<name>sem EPI area 1</name>
		<pose>Unspecified</pose>
		<truncated>0</truncated>
		<difficult>0</difficult>
		<bndbox>
			<xmin>876</xmin>
			<ymin>268</ymin>
			<xmax>1098</xmax>
			<ymax>630</ymax>
		</bndbox>
	</object>
</annotation>
