<annotation>
	<folder>fotos</folder>
	<filename>Pics_135.jpg</filename>
	<path>/home/stefanipastre/Documentos/novo/fotos/Pics_135.jpg</path>
	<source>
		<database>Unknown</database>
	</source>
	<size>
		<width>1280</width>
		<height>720</height>
		<depth>3</depth>
	</size>
	<segmented>0</segmented>
	<object>
		<name>EPI incorreto area 3</name>
		<pose>Unspecified</pose>
		<truncated>0</truncated>
		<difficult>0</difficult>
		<bndbox>
			<xmin>771</xmin>
			<ymin>129</ymin>
			<xmax>961</xmax>
			<ymax>468</ymax>
		</bndbox>
	</object>
	<object>
		<name>EPI incorreto area 2</name>
		<pose>Unspecified</pose>
		<truncated>0</truncated>
		<difficult>0</difficult>
		<bndbox>
			<xmin>344</xmin>
			<ymin>45</ymin>
			<xmax>516</xmax>
			<ymax>409</ymax>
		</bndbox>
	</object>
</annotation>
