<annotation>
	<folder>fotos</folder>
	<filename>Pics_19.jpg</filename>
	<path>/home/stefanipastre/Documentos/novo/fotos/Pics_19.jpg</path>
	<source>
		<database>Unknown</database>
	</source>
	<size>
		<width>1280</width>
		<height>720</height>
		<depth>3</depth>
	</size>
	<segmented>0</segmented>
	<object>
		<name>sem capacete area 3</name>
		<pose>Unspecified</pose>
		<truncated>0</truncated>
		<difficult>0</difficult>
		<bndbox>
			<xmin>257</xmin>
			<ymin>147</ymin>
			<xmax>446</xmax>
			<ymax>504</ymax>
		</bndbox>
	</object>
	<object>
		<name>sem protetor auricular area 2</name>
		<pose>Unspecified</pose>
		<truncated>0</truncated>
		<difficult>0</difficult>
		<bndbox>
			<xmin>851</xmin>
			<ymin>133</ymin>
			<xmax>1062</xmax>
			<ymax>494</ymax>
		</bndbox>
	</object>
	<object>
		<name>sem EPI area 1</name>
		<pose>Unspecified</pose>
		<truncated>0</truncated>
		<difficult>0</difficult>
		<bndbox>
			<xmin>581</xmin>
			<ymin>44</ymin>
			<xmax>763</xmax>
			<ymax>375</ymax>
		</bndbox>
	</object>
</annotation>
