<annotation>
	<folder>fotos</folder>
	<filename>Pics_31.jpg</filename>
	<path>/home/stefanipastre/Documentos/novo/fotos/Pics_31.jpg</path>
	<source>
		<database>Unknown</database>
	</source>
	<size>
		<width>1280</width>
		<height>720</height>
		<depth>3</depth>
	</size>
	<segmented>0</segmented>
	<object>
		<name>sem capacete area 3</name>
		<pose>Unspecified</pose>
		<truncated>0</truncated>
		<difficult>0</difficult>
		<bndbox>
			<xmin>145</xmin>
			<ymin>180</ymin>
			<xmax>378</xmax>
			<ymax>559</ymax>
		</bndbox>
	</object>
	<object>
		<name>sem protetor auricular area 2</name>
		<pose>Unspecified</pose>
		<truncated>0</truncated>
		<difficult>0</difficult>
		<bndbox>
			<xmin>584</xmin>
			<ymin>170</ymin>
			<xmax>753</xmax>
			<ymax>537</ymax>
		</bndbox>
	</object>
	<object>
		<name>sem EPI area 1</name>
		<pose>Unspecified</pose>
		<truncated>0</truncated>
		<difficult>0</difficult>
		<bndbox>
			<xmin>807</xmin>
			<ymin>32</ymin>
			<xmax>997</xmax>
			<ymax>361</ymax>
		</bndbox>
	</object>
</annotation>
