<annotation>
	<folder>fotos</folder>
	<filename>Pics_136.jpg</filename>
	<path>/home/stefanipastre/Documentos/novo/fotos/Pics_136.jpg</path>
	<source>
		<database>Unknown</database>
	</source>
	<size>
		<width>1280</width>
		<height>720</height>
		<depth>3</depth>
	</size>
	<segmented>0</segmented>
	<object>
		<name>EPI incorreto area 3</name>
		<pose>Unspecified</pose>
		<truncated>0</truncated>
		<difficult>0</difficult>
		<bndbox>
			<xmin>767</xmin>
			<ymin>117</ymin>
			<xmax>971</xmax>
			<ymax>464</ymax>
		</bndbox>
	</object>
	<object>
		<name>EPI incorreto area 2</name>
		<pose>Unspecified</pose>
		<truncated>0</truncated>
		<difficult>0</difficult>
		<bndbox>
			<xmin>345</xmin>
			<ymin>44</ymin>
			<xmax>518</xmax>
			<ymax>409</ymax>
		</bndbox>
	</object>
</annotation>
