<annotation>
	<folder>fotos</folder>
	<filename>Pics_70.jpg</filename>
	<path>/home/stefanipastre/Documentos/novo/fotos/Pics_70.jpg</path>
	<source>
		<database>Unknown</database>
	</source>
	<size>
		<width>1280</width>
		<height>720</height>
		<depth>3</depth>
	</size>
	<segmented>0</segmented>
	<object>
		<name>sem capacete area 3</name>
		<pose>Unspecified</pose>
		<truncated>1</truncated>
		<difficult>0</difficult>
		<bndbox>
			<xmin>971</xmin>
			<ymin>1</ymin>
			<xmax>1192</xmax>
			<ymax>322</ymax>
		</bndbox>
	</object>
	<object>
		<name>extintor sem sinalizar</name>
		<pose>Unspecified</pose>
		<truncated>0</truncated>
		<difficult>0</difficult>
		<bndbox>
			<xmin>270</xmin>
			<ymin>153</ymin>
			<xmax>371</xmax>
			<ymax>337</ymax>
		</bndbox>
	</object>
</annotation>
