<annotation>
	<folder>fotos</folder>
	<filename>Pics_141.jpg</filename>
	<path>/home/stefanipastre/Documentos/novo/fotos/Pics_141.jpg</path>
	<source>
		<database>Unknown</database>
	</source>
	<size>
		<width>1280</width>
		<height>720</height>
		<depth>3</depth>
	</size>
	<segmented>0</segmented>
	<object>
		<name>EPI incorreto area 3</name>
		<pose>Unspecified</pose>
		<truncated>0</truncated>
		<difficult>0</difficult>
		<bndbox>
			<xmin>611</xmin>
			<ymin>223</ymin>
			<xmax>799</xmax>
			<ymax>610</ymax>
		</bndbox>
	</object>
	<object>
		<name>EPI incorreto area 2</name>
		<pose>Unspecified</pose>
		<truncated>0</truncated>
		<difficult>0</difficult>
		<bndbox>
			<xmin>877</xmin>
			<ymin>89</ymin>
			<xmax>1094</xmax>
			<ymax>425</ymax>
		</bndbox>
	</object>
</annotation>
