<annotation>
	<folder>fotos</folder>
	<filename>Pics_76.jpg</filename>
	<path>/home/stefanipastre/Documentos/novo/fotos/Pics_76.jpg</path>
	<source>
		<database>Unknown</database>
	</source>
	<size>
		<width>1280</width>
		<height>720</height>
		<depth>3</depth>
	</size>
	<segmented>0</segmented>
	<object>
		<name>sem protetor auricular area 2</name>
		<pose>Unspecified</pose>
		<truncated>0</truncated>
		<difficult>0</difficult>
		<bndbox>
			<xmin>241</xmin>
			<ymin>3</ymin>
			<xmax>470</xmax>
			<ymax>353</ymax>
		</bndbox>
	</object>
	<object>
		<name>extintor sem sinalizar</name>
		<pose>Unspecified</pose>
		<truncated>0</truncated>
		<difficult>0</difficult>
		<bndbox>
			<xmin>124</xmin>
			<ymin>420</ymin>
			<xmax>247</xmax>
			<ymax>631</ymax>
		</bndbox>
	</object>
</annotation>
