<annotation>
	<folder>fotos</folder>
	<filename>Pics_148.jpg</filename>
	<path>/home/stefanipastre/Documentos/novo/fotos/Pics_148.jpg</path>
	<source>
		<database>Unknown</database>
	</source>
	<size>
		<width>1280</width>
		<height>720</height>
		<depth>3</depth>
	</size>
	<segmented>0</segmented>
	<object>
		<name>EPI incorreto area 3</name>
		<pose>Unspecified</pose>
		<truncated>0</truncated>
		<difficult>0</difficult>
		<bndbox>
			<xmin>331</xmin>
			<ymin>77</ymin>
			<xmax>466</xmax>
			<ymax>458</ymax>
		</bndbox>
	</object>
	<object>
		<name>EPI incorreto area 2</name>
		<pose>Unspecified</pose>
		<truncated>0</truncated>
		<difficult>0</difficult>
		<bndbox>
			<xmin>898</xmin>
			<ymin>250</ymin>
			<xmax>1181</xmax>
			<ymax>643</ymax>
		</bndbox>
	</object>
</annotation>
