<annotation>
	<folder>fotos</folder>
	<filename>Pics_25.jpg</filename>
	<path>/home/stefanipastre/Documentos/novo/fotos/Pics_25.jpg</path>
	<source>
		<database>Unknown</database>
	</source>
	<size>
		<width>1280</width>
		<height>720</height>
		<depth>3</depth>
	</size>
	<segmented>0</segmented>
	<object>
		<name>sem capacete area 3</name>
		<pose>Unspecified</pose>
		<truncated>0</truncated>
		<difficult>0</difficult>
		<bndbox>
			<xmin>303</xmin>
			<ymin>131</ymin>
			<xmax>517</xmax>
			<ymax>469</ymax>
		</bndbox>
	</object>
	<object>
		<name>sem protetor auricular area 2</name>
		<pose>Unspecified</pose>
		<truncated>0</truncated>
		<difficult>0</difficult>
		<bndbox>
			<xmin>551</xmin>
			<ymin>40</ymin>
			<xmax>692</xmax>
			<ymax>389</ymax>
		</bndbox>
	</object>
	<object>
		<name>sem EPI area 1</name>
		<pose>Unspecified</pose>
		<truncated>0</truncated>
		<difficult>0</difficult>
		<bndbox>
			<xmin>752</xmin>
			<ymin>130</ymin>
			<xmax>944</xmax>
			<ymax>498</ymax>
		</bndbox>
	</object>
</annotation>
