<annotation>
	<folder>fotos</folder>
	<filename>Pics_129.jpg</filename>
	<path>/home/stefanipastre/Documentos/novo/fotos/Pics_129.jpg</path>
	<source>
		<database>Unknown</database>
	</source>
	<size>
		<width>1280</width>
		<height>720</height>
		<depth>3</depth>
	</size>
	<segmented>0</segmented>
	<object>
		<name>sem protetor auricular area 2</name>
		<pose>Unspecified</pose>
		<truncated>0</truncated>
		<difficult>0</difficult>
		<bndbox>
			<xmin>335</xmin>
			<ymin>95</ymin>
			<xmax>508</xmax>
			<ymax>449</ymax>
		</bndbox>
	</object>
	<object>
		<name>sem capacete area 1</name>
		<pose>Unspecified</pose>
		<truncated>0</truncated>
		<difficult>0</difficult>
		<bndbox>
			<xmin>933</xmin>
			<ymin>281</ymin>
			<xmax>1218</xmax>
			<ymax>655</ymax>
		</bndbox>
	</object>
	<object>
		<name>extintor sem sinalizar</name>
		<pose>Unspecified</pose>
		<truncated>0</truncated>
		<difficult>0</difficult>
		<bndbox>
			<xmin>837</xmin>
			<ymin>199</ymin>
			<xmax>937</xmax>
			<ymax>384</ymax>
		</bndbox>
	</object>
</annotation>
