<annotation>
	<folder>fotos</folder>
	<filename>Pics_162.jpg</filename>
	<path>/home/stefanipastre/Documentos/novo/fotos/Pics_162.jpg</path>
	<source>
		<database>Unknown</database>
	</source>
	<size>
		<width>1280</width>
		<height>720</height>
		<depth>3</depth>
	</size>
	<segmented>0</segmented>
	<object>
		<name>EPI incorreto area 3</name>
		<pose>Unspecified</pose>
		<truncated>0</truncated>
		<difficult>0</difficult>
		<bndbox>
			<xmin>870</xmin>
			<ymin>165</ymin>
			<xmax>1101</xmax>
			<ymax>527</ymax>
		</bndbox>
	</object>
	<object>
		<name>EPI incorreto area 2</name>
		<pose>Unspecified</pose>
		<truncated>0</truncated>
		<difficult>0</difficult>
		<bndbox>
			<xmin>497</xmin>
			<ymin>70</ymin>
			<xmax>679</xmax>
			<ymax>433</ymax>
		</bndbox>
	</object>
	<object>
		<name>sem EPI area 1</name>
		<pose>Unspecified</pose>
		<truncated>0</truncated>
		<difficult>0</difficult>
		<bndbox>
			<xmin>226</xmin>
			<ymin>95</ymin>
			<xmax>404</xmax>
			<ymax>441</ymax>
		</bndbox>
	</object>
</annotation>
