<annotation>
	<folder>fotos</folder>
	<filename>Pics_108.jpg</filename>
	<path>/home/stefanipastre/Documentos/novo/fotos/Pics_108.jpg</path>
	<source>
		<database>Unknown</database>
	</source>
	<size>
		<width>1280</width>
		<height>720</height>
		<depth>3</depth>
	</size>
	<segmented>0</segmented>
	<object>
		<name>extintor sem sinalizar</name>
		<pose>Unspecified</pose>
		<truncated>0</truncated>
		<difficult>0</difficult>
		<bndbox>
			<xmin>386</xmin>
			<ymin>224</ymin>
			<xmax>498</xmax>
			<ymax>406</ymax>
		</bndbox>
	</object>
</annotation>
