<annotation>
	<folder>fotos</folder>
	<filename>Pics_38.jpg</filename>
	<path>/home/stefanipastre/Documentos/novo/fotos/Pics_38.jpg</path>
	<source>
		<database>Unknown</database>
	</source>
	<size>
		<width>1280</width>
		<height>720</height>
		<depth>3</depth>
	</size>
	<segmented>0</segmented>
	<object>
		<name>sem capacete area 3</name>
		<pose>Unspecified</pose>
		<truncated>0</truncated>
		<difficult>0</difficult>
		<bndbox>
			<xmin>850</xmin>
			<ymin>180</ymin>
			<xmax>1052</xmax>
			<ymax>541</ymax>
		</bndbox>
	</object>
	<object>
		<name>sem protetor auricular area 2</name>
		<pose>Unspecified</pose>
		<truncated>0</truncated>
		<difficult>0</difficult>
		<bndbox>
			<xmin>718</xmin>
			<ymin>50</ymin>
			<xmax>903</xmax>
			<ymax>392</ymax>
		</bndbox>
	</object>
	<object>
		<name>sem EPI area 1</name>
		<pose>Unspecified</pose>
		<truncated>0</truncated>
		<difficult>0</difficult>
		<bndbox>
			<xmin>520</xmin>
			<ymin>122</ymin>
			<xmax>700</xmax>
			<ymax>488</ymax>
		</bndbox>
	</object>
</annotation>
