<annotation>
	<folder>fotos</folder>
	<filename>Pics_167.jpg</filename>
	<path>/home/stefanipastre/Documentos/novo/fotos/Pics_167.jpg</path>
	<source>
		<database>Unknown</database>
	</source>
	<size>
		<width>1280</width>
		<height>720</height>
		<depth>3</depth>
	</size>
	<segmented>0</segmented>
	<object>
		<name>EPI incorreto area 3</name>
		<pose>Unspecified</pose>
		<truncated>0</truncated>
		<difficult>0</difficult>
		<bndbox>
			<xmin>931</xmin>
			<ymin>312</ymin>
			<xmax>1219</xmax>
			<ymax>675</ymax>
		</bndbox>
	</object>
	<object>
		<name>EPI incorreto area 2</name>
		<pose>Unspecified</pose>
		<truncated>0</truncated>
		<difficult>0</difficult>
		<bndbox>
			<xmin>209</xmin>
			<ymin>44</ymin>
			<xmax>399</xmax>
			<ymax>419</ymax>
		</bndbox>
	</object>
	<object>
		<name>sem EPI area 1</name>
		<pose>Unspecified</pose>
		<truncated>0</truncated>
		<difficult>0</difficult>
		<bndbox>
			<xmin>563</xmin>
			<ymin>84</ymin>
			<xmax>732</xmax>
			<ymax>400</ymax>
		</bndbox>
	</object>
</annotation>
