<annotation>
	<folder>fotos</folder>
	<filename>Pics_140.jpg</filename>
	<path>/home/stefanipastre/Documentos/novo/fotos/Pics_140.jpg</path>
	<source>
		<database>Unknown</database>
	</source>
	<size>
		<width>1280</width>
		<height>720</height>
		<depth>3</depth>
	</size>
	<segmented>0</segmented>
	<object>
		<name>EPI incorreto area 3</name>
		<pose>Unspecified</pose>
		<truncated>0</truncated>
		<difficult>0</difficult>
		<bndbox>
			<xmin>617</xmin>
			<ymin>224</ymin>
			<xmax>800</xmax>
			<ymax>613</ymax>
		</bndbox>
	</object>
	<object>
		<name>EPI incorreto area 2</name>
		<pose>Unspecified</pose>
		<truncated>0</truncated>
		<difficult>0</difficult>
		<bndbox>
			<xmin>339</xmin>
			<ymin>44</ymin>
			<xmax>514</xmax>
			<ymax>408</ymax>
		</bndbox>
	</object>
</annotation>
