<annotation>
	<folder>fotos</folder>
	<filename>Pics_40.jpg</filename>
	<path>/home/stefanipastre/Documentos/novo/fotos/Pics_40.jpg</path>
	<source>
		<database>Unknown</database>
	</source>
	<size>
		<width>1280</width>
		<height>720</height>
		<depth>3</depth>
	</size>
	<segmented>0</segmented>
	<object>
		<name>sem protetor auricular area 2</name>
		<pose>Unspecified</pose>
		<truncated>0</truncated>
		<difficult>0</difficult>
		<bndbox>
			<xmin>715</xmin>
			<ymin>49</ymin>
			<xmax>910</xmax>
			<ymax>392</ymax>
		</bndbox>
	</object>
	<object>
		<name>sem capacete area 3</name>
		<pose>Unspecified</pose>
		<truncated>1</truncated>
		<difficult>0</difficult>
		<bndbox>
			<xmin>991</xmin>
			<ymin>206</ymin>
			<xmax>1280</xmax>
			<ymax>550</ymax>
		</bndbox>
	</object>
	<object>
		<name>sem EPI area 1</name>
		<pose>Unspecified</pose>
		<truncated>0</truncated>
		<difficult>0</difficult>
		<bndbox>
			<xmin>291</xmin>
			<ymin>150</ymin>
			<xmax>531</xmax>
			<ymax>504</ymax>
		</bndbox>
	</object>
</annotation>
