<annotation>
	<folder>fotos</folder>
	<filename>Pics_120.jpg</filename>
	<path>/home/stefanipastre/Documentos/novo/fotos/Pics_120.jpg</path>
	<source>
		<database>Unknown</database>
	</source>
	<size>
		<width>1280</width>
		<height>720</height>
		<depth>3</depth>
	</size>
	<segmented>0</segmented>
	<object>
		<name>sem protetor auricular area 2</name>
		<pose>Unspecified</pose>
		<truncated>0</truncated>
		<difficult>0</difficult>
		<bndbox>
			<xmin>601</xmin>
			<ymin>94</ymin>
			<xmax>777</xmax>
			<ymax>424</ymax>
		</bndbox>
	</object>
	<object>
		<name>sem capacete area 1</name>
		<pose>Unspecified</pose>
		<truncated>0</truncated>
		<difficult>0</difficult>
		<bndbox>
			<xmin>882</xmin>
			<ymin>267</ymin>
			<xmax>1117</xmax>
			<ymax>632</ymax>
		</bndbox>
	</object>
	<object>
		<name>extintor sem sinalizar</name>
		<pose>Unspecified</pose>
		<truncated>0</truncated>
		<difficult>0</difficult>
		<bndbox>
			<xmin>839</xmin>
			<ymin>199</ymin>
			<xmax>932</xmax>
			<ymax>379</ymax>
		</bndbox>
	</object>
</annotation>
