<annotation>
	<folder>fotos</folder>
	<filename>Pics_32.jpg</filename>
	<path>/home/stefanipastre/Documentos/novo/fotos/Pics_32.jpg</path>
	<source>
		<database>Unknown</database>
	</source>
	<size>
		<width>1280</width>
		<height>720</height>
		<depth>3</depth>
	</size>
	<segmented>0</segmented>
	<object>
		<name>sem capacete area 3</name>
		<pose>Unspecified</pose>
		<truncated>0</truncated>
		<difficult>0</difficult>
		<bndbox>
			<xmin>872</xmin>
			<ymin>117</ymin>
			<xmax>1111</xmax>
			<ymax>469</ymax>
		</bndbox>
	</object>
	<object>
		<name>sem protetor auricular area 2</name>
		<pose>Unspecified</pose>
		<truncated>0</truncated>
		<difficult>0</difficult>
		<bndbox>
			<xmin>552</xmin>
			<ymin>115</ymin>
			<xmax>781</xmax>
			<ymax>477</ymax>
		</bndbox>
	</object>
	<object>
		<name>sem EPI area 1</name>
		<pose>Unspecified</pose>
		<truncated>0</truncated>
		<difficult>0</difficult>
		<bndbox>
			<xmin>368</xmin>
			<ymin>126</ymin>
			<xmax>544</xmax>
			<ymax>490</ymax>
		</bndbox>
	</object>
</annotation>
