<annotation>
	<folder>fotos</folder>
	<filename>Pics_133.jpg</filename>
	<path>/home/stefanipastre/Documentos/novo/fotos/Pics_133.jpg</path>
	<source>
		<database>Unknown</database>
	</source>
	<size>
		<width>1280</width>
		<height>720</height>
		<depth>3</depth>
	</size>
	<segmented>0</segmented>
	<object>
		<name>EPI incorreto area 3</name>
		<pose>Unspecified</pose>
		<truncated>0</truncated>
		<difficult>0</difficult>
		<bndbox>
			<xmin>766</xmin>
			<ymin>130</ymin>
			<xmax>971</xmax>
			<ymax>475</ymax>
		</bndbox>
	</object>
	<object>
		<name>EPI incorreto area 2</name>
		<pose>Unspecified</pose>
		<truncated>0</truncated>
		<difficult>0</difficult>
		<bndbox>
			<xmin>276</xmin>
			<ymin>193</ymin>
			<xmax>508</xmax>
			<ymax>599</ymax>
		</bndbox>
	</object>
</annotation>
