<annotation>
	<folder>fotos</folder>
	<filename>Pics_163.jpg</filename>
	<path>/home/stefanipastre/Documentos/novo/fotos/Pics_163.jpg</path>
	<source>
		<database>Unknown</database>
	</source>
	<size>
		<width>1280</width>
		<height>720</height>
		<depth>3</depth>
	</size>
	<segmented>0</segmented>
	<object>
		<name>EPI incorreto area 3</name>
		<pose>Unspecified</pose>
		<truncated>0</truncated>
		<difficult>0</difficult>
		<bndbox>
			<xmin>785</xmin>
			<ymin>116</ymin>
			<xmax>985</xmax>
			<ymax>450</ymax>
		</bndbox>
	</object>
	<object>
		<name>EPI incorreto area 2</name>
		<pose>Unspecified</pose>
		<truncated>0</truncated>
		<difficult>0</difficult>
		<bndbox>
			<xmin>493</xmin>
			<ymin>68</ymin>
			<xmax>683</xmax>
			<ymax>436</ymax>
		</bndbox>
	</object>
	<object>
		<name>sem EPI area 1</name>
		<pose>Unspecified</pose>
		<truncated>0</truncated>
		<difficult>0</difficult>
		<bndbox>
			<xmin>227</xmin>
			<ymin>88</ymin>
			<xmax>395</xmax>
			<ymax>443</ymax>
		</bndbox>
	</object>
</annotation>
