<annotation>
	<folder>fotos</folder>
	<filename>Pics_21.jpg</filename>
	<path>/home/stefanipastre/Documentos/novo/fotos/Pics_21.jpg</path>
	<source>
		<database>Unknown</database>
	</source>
	<size>
		<width>1280</width>
		<height>720</height>
		<depth>3</depth>
	</size>
	<segmented>0</segmented>
	<object>
		<name>sem capacete area 3</name>
		<pose>Unspecified</pose>
		<truncated>0</truncated>
		<difficult>0</difficult>
		<bndbox>
			<xmin>602</xmin>
			<ymin>18</ymin>
			<xmax>750</xmax>
			<ymax>367</ymax>
		</bndbox>
	</object>
	<object>
		<name>sem protetor auricular area 2</name>
		<pose>Unspecified</pose>
		<truncated>0</truncated>
		<difficult>0</difficult>
		<bndbox>
			<xmin>125</xmin>
			<ymin>200</ymin>
			<xmax>370</xmax>
			<ymax>573</ymax>
		</bndbox>
	</object>
	<object>
		<name>sem EPI area 1</name>
		<pose>Unspecified</pose>
		<truncated>0</truncated>
		<difficult>0</difficult>
		<bndbox>
			<xmin>320</xmin>
			<ymin>18</ymin>
			<xmax>490</xmax>
			<ymax>358</ymax>
		</bndbox>
	</object>
</annotation>
