<annotation>
	<folder>fotos</folder>
	<filename>Pics_83.jpg</filename>
	<path>/home/stefanipastre/Documentos/novo/fotos/Pics_83.jpg</path>
	<source>
		<database>Unknown</database>
	</source>
	<size>
		<width>1280</width>
		<height>720</height>
		<depth>3</depth>
	</size>
	<segmented>0</segmented>
	<object>
		<name>sem capacete area 3</name>
		<pose>Unspecified</pose>
		<truncated>0</truncated>
		<difficult>0</difficult>
		<bndbox>
			<xmin>644</xmin>
			<ymin>27</ymin>
			<xmax>784</xmax>
			<ymax>384</ymax>
		</bndbox>
	</object>
	<object>
		<name>sem protetor auricular area 2</name>
		<pose>Unspecified</pose>
		<truncated>0</truncated>
		<difficult>0</difficult>
		<bndbox>
			<xmin>994</xmin>
			<ymin>145</ymin>
			<xmax>1264</xmax>
			<ymax>528</ymax>
		</bndbox>
	</object>
</annotation>
