<annotation>
	<folder>fotos</folder>
	<filename>Pics_42.jpg</filename>
	<path>/home/stefanipastre/Documentos/novo/fotos/Pics_42.jpg</path>
	<source>
		<database>Unknown</database>
	</source>
	<size>
		<width>1280</width>
		<height>720</height>
		<depth>3</depth>
	</size>
	<segmented>0</segmented>
	<object>
		<name>sem capacete area 3</name>
		<pose>Unspecified</pose>
		<truncated>0</truncated>
		<difficult>0</difficult>
		<bndbox>
			<xmin>847</xmin>
			<ymin>264</ymin>
			<xmax>1104</xmax>
			<ymax>648</ymax>
		</bndbox>
	</object>
	<object>
		<name>sem protetor auricular area 2</name>
		<pose>Unspecified</pose>
		<truncated>0</truncated>
		<difficult>0</difficult>
		<bndbox>
			<xmin>605</xmin>
			<ymin>269</ymin>
			<xmax>861</xmax>
			<ymax>658</ymax>
		</bndbox>
	</object>
	<object>
		<name>sem EPI area 1</name>
		<pose>Unspecified</pose>
		<truncated>0</truncated>
		<difficult>0</difficult>
		<bndbox>
			<xmin>326</xmin>
			<ymin>257</ymin>
			<xmax>584</xmax>
			<ymax>636</ymax>
		</bndbox>
	</object>
</annotation>
