<annotation>
	<folder>fotos</folder>
	<filename>Pics_166.jpg</filename>
	<path>/home/stefanipastre/Documentos/novo/fotos/Pics_166.jpg</path>
	<source>
		<database>Unknown</database>
	</source>
	<size>
		<width>1280</width>
		<height>720</height>
		<depth>3</depth>
	</size>
	<segmented>0</segmented>
	<object>
		<name>EPI incorreto area 3</name>
		<pose>Unspecified</pose>
		<truncated>0</truncated>
		<difficult>0</difficult>
		<bndbox>
			<xmin>790</xmin>
			<ymin>111</ymin>
			<xmax>985</xmax>
			<ymax>444</ymax>
		</bndbox>
	</object>
	<object>
		<name>EPI incorreto area 2</name>
		<pose>Unspecified</pose>
		<truncated>0</truncated>
		<difficult>0</difficult>
		<bndbox>
			<xmin>213</xmin>
			<ymin>45</ymin>
			<xmax>408</xmax>
			<ymax>417</ymax>
		</bndbox>
	</object>
	<object>
		<name>sem EPI area 1</name>
		<pose>Unspecified</pose>
		<truncated>0</truncated>
		<difficult>0</difficult>
		<bndbox>
			<xmin>552</xmin>
			<ymin>84</ymin>
			<xmax>734</xmax>
			<ymax>395</ymax>
		</bndbox>
	</object>
</annotation>
