<annotation>
	<folder>fotos</folder>
	<filename>Pics_119.jpg</filename>
	<path>/home/stefanipastre/Documentos/novo/fotos/Pics_119.jpg</path>
	<source>
		<database>Unknown</database>
	</source>
	<size>
		<width>1280</width>
		<height>720</height>
		<depth>3</depth>
	</size>
	<segmented>0</segmented>
	<object>
		<name>sem capacete area 3</name>
		<pose>Unspecified</pose>
		<truncated>0</truncated>
		<difficult>0</difficult>
		<bndbox>
			<xmin>204</xmin>
			<ymin>248</ymin>
			<xmax>437</xmax>
			<ymax>577</ymax>
		</bndbox>
	</object>
	<object>
		<name>sem protetor auricular area 2</name>
		<pose>Unspecified</pose>
		<truncated>0</truncated>
		<difficult>0</difficult>
		<bndbox>
			<xmin>579</xmin>
			<ymin>118</ymin>
			<xmax>762</xmax>
			<ymax>462</ymax>
		</bndbox>
	</object>
	<object>
		<name>extintor sem sinalizar</name>
		<pose>Unspecified</pose>
		<truncated>0</truncated>
		<difficult>0</difficult>
		<bndbox>
			<xmin>389</xmin>
			<ymin>220</ymin>
			<xmax>502</xmax>
			<ymax>406</ymax>
		</bndbox>
	</object>
</annotation>
