<annotation>
	<folder>fotos</folder>
	<filename>Pics_151.jpg</filename>
	<path>/home/stefanipastre/Documentos/novo/fotos/Pics_151.jpg</path>
	<source>
		<database>Unknown</database>
	</source>
	<size>
		<width>1280</width>
		<height>720</height>
		<depth>3</depth>
	</size>
	<segmented>0</segmented>
	<object>
		<name>EPI incorreto area 3</name>
		<pose>Unspecified</pose>
		<truncated>0</truncated>
		<difficult>0</difficult>
		<bndbox>
			<xmin>317</xmin>
			<ymin>68</ymin>
			<xmax>489</xmax>
			<ymax>431</ymax>
		</bndbox>
	</object>
	<object>
		<name>EPI incorreto area 2</name>
		<pose>Unspecified</pose>
		<truncated>0</truncated>
		<difficult>0</difficult>
		<bndbox>
			<xmin>817</xmin>
			<ymin>249</ymin>
			<xmax>1067</xmax>
			<ymax>635</ymax>
		</bndbox>
	</object>
	<object>
		<name>sem EPI area 1</name>
		<pose>Unspecified</pose>
		<truncated>0</truncated>
		<difficult>0</difficult>
		<bndbox>
			<xmin>625</xmin>
			<ymin>113</ymin>
			<xmax>801</xmax>
			<ymax>443</ymax>
		</bndbox>
	</object>
</annotation>
