<annotation>
	<folder>fotos</folder>
	<filename>Pics_87.jpg</filename>
	<path>/home/stefanipastre/Documentos/novo/fotos/Pics_87.jpg</path>
	<source>
		<database>Unknown</database>
	</source>
	<size>
		<width>1280</width>
		<height>720</height>
		<depth>3</depth>
	</size>
	<segmented>0</segmented>
	<object>
		<name>sem capacete area 3</name>
		<pose>Unspecified</pose>
		<truncated>0</truncated>
		<difficult>0</difficult>
		<bndbox>
			<xmin>698</xmin>
			<ymin>160</ymin>
			<xmax>917</xmax>
			<ymax>523</ymax>
		</bndbox>
	</object>
	<object>
		<name>sem protetor auricular area 2</name>
		<pose>Unspecified</pose>
		<truncated>1</truncated>
		<difficult>0</difficult>
		<bndbox>
			<xmin>1045</xmin>
			<ymin>4</ymin>
			<xmax>1280</xmax>
			<ymax>364</ymax>
		</bndbox>
	</object>
	<object>
		<name>extintor sem sinalizar</name>
		<pose>Unspecified</pose>
		<truncated>0</truncated>
		<difficult>0</difficult>
		<bndbox>
			<xmin>571</xmin>
			<ymin>87</ymin>
			<xmax>693</xmax>
			<ymax>279</ymax>
		</bndbox>
	</object>
</annotation>
