<annotation>
	<folder>fotos</folder>
	<filename>Pics_147.jpg</filename>
	<path>/home/stefanipastre/Documentos/novo/fotos/Pics_147.jpg</path>
	<source>
		<database>Unknown</database>
	</source>
	<size>
		<width>1280</width>
		<height>720</height>
		<depth>3</depth>
	</size>
	<segmented>0</segmented>
	<object>
		<name>EPI incorreto area 3</name>
		<pose>Unspecified</pose>
		<truncated>0</truncated>
		<difficult>0</difficult>
		<bndbox>
			<xmin>317</xmin>
			<ymin>102</ymin>
			<xmax>512</xmax>
			<ymax>437</ymax>
		</bndbox>
	</object>
	<object>
		<name>EPI incorreto area 2</name>
		<pose>Unspecified</pose>
		<truncated>0</truncated>
		<difficult>0</difficult>
		<bndbox>
			<xmin>897</xmin>
			<ymin>247</ymin>
			<xmax>1184</xmax>
			<ymax>643</ymax>
		</bndbox>
	</object>
</annotation>
