<annotation>
	<folder>fotos</folder>
	<filename>Pics_69.jpg</filename>
	<path>/home/stefanipastre/Documentos/novo/fotos/Pics_69.jpg</path>
	<source>
		<database>Unknown</database>
	</source>
	<size>
		<width>1280</width>
		<height>720</height>
		<depth>3</depth>
	</size>
	<segmented>0</segmented>
	<object>
		<name>sem capacete area 3</name>
		<pose>Unspecified</pose>
		<truncated>0</truncated>
		<difficult>0</difficult>
		<bndbox>
			<xmin>944</xmin>
			<ymin>48</ymin>
			<xmax>1164</xmax>
			<ymax>384</ymax>
		</bndbox>
	</object>
	<object>
		<name>extintor sem sinalizar</name>
		<pose>Unspecified</pose>
		<truncated>0</truncated>
		<difficult>0</difficult>
		<bndbox>
			<xmin>756</xmin>
			<ymin>127</ymin>
			<xmax>871</xmax>
			<ymax>325</ymax>
		</bndbox>
	</object>
</annotation>
