<annotation>
	<folder>fotos</folder>
	<filename>Pics_26.jpg</filename>
	<path>/home/stefanipastre/Documentos/novo/fotos/Pics_26.jpg</path>
	<source>
		<database>Unknown</database>
	</source>
	<size>
		<width>1280</width>
		<height>720</height>
		<depth>3</depth>
	</size>
	<segmented>0</segmented>
	<object>
		<name>sem capacete area 3</name>
		<pose>Unspecified</pose>
		<truncated>0</truncated>
		<difficult>0</difficult>
		<bndbox>
			<xmin>300</xmin>
			<ymin>126</ymin>
			<xmax>516</xmax>
			<ymax>471</ymax>
		</bndbox>
	</object>
	<object>
		<name>sem protetor auricular area 2</name>
		<pose>Unspecified</pose>
		<truncated>0</truncated>
		<difficult>0</difficult>
		<bndbox>
			<xmin>866</xmin>
			<ymin>10</ymin>
			<xmax>1020</xmax>
			<ymax>330</ymax>
		</bndbox>
	</object>
	<object>
		<name>sem EPI area 1</name>
		<pose>Unspecified</pose>
		<truncated>0</truncated>
		<difficult>0</difficult>
		<bndbox>
			<xmin>758</xmin>
			<ymin>130</ymin>
			<xmax>948</xmax>
			<ymax>495</ymax>
		</bndbox>
	</object>
</annotation>
