<annotation>
	<folder>fotos</folder>
	<filename>Pics_111.jpg</filename>
	<path>/home/stefanipastre/Documentos/novo/fotos/Pics_111.jpg</path>
	<source>
		<database>Unknown</database>
	</source>
	<size>
		<width>1280</width>
		<height>720</height>
		<depth>3</depth>
	</size>
	<segmented>0</segmented>
	<object>
		<name>sem capacete area 3</name>
		<pose>Unspecified</pose>
		<truncated>0</truncated>
		<difficult>0</difficult>
		<bndbox>
			<xmin>151</xmin>
			<ymin>258</ymin>
			<xmax>327</xmax>
			<ymax>641</ymax>
		</bndbox>
	</object>
	<object>
		<name>sem protetor auricular area 2</name>
		<pose>Unspecified</pose>
		<truncated>0</truncated>
		<difficult>0</difficult>
		<bndbox>
			<xmin>871</xmin>
			<ymin>136</ymin>
			<xmax>1104</xmax>
			<ymax>463</ymax>
		</bndbox>
	</object>
	<object>
		<name>extintor sem sinalizar</name>
		<pose>Unspecified</pose>
		<truncated>0</truncated>
		<difficult>0</difficult>
		<bndbox>
			<xmin>374</xmin>
			<ymin>230</ymin>
			<xmax>491</xmax>
			<ymax>400</ymax>
		</bndbox>
	</object>
</annotation>
