<annotation>
	<folder>fotos</folder>
	<filename>Pics_18.jpg</filename>
	<path>/home/stefanipastre/Documentos/novo/fotos/Pics_18.jpg</path>
	<source>
		<database>Unknown</database>
	</source>
	<size>
		<width>1280</width>
		<height>720</height>
		<depth>3</depth>
	</size>
	<segmented>0</segmented>
	<object>
		<name>sem capacete area 3</name>
		<pose>Unspecified</pose>
		<truncated>0</truncated>
		<difficult>0</difficult>
		<bndbox>
			<xmin>323</xmin>
			<ymin>50</ymin>
			<xmax>515</xmax>
			<ymax>383</ymax>
		</bndbox>
	</object>
	<object>
		<name>sem protetor auricular area 2</name>
		<pose>Unspecified</pose>
		<truncated>0</truncated>
		<difficult>0</difficult>
		<bndbox>
			<xmin>864</xmin>
			<ymin>42</ymin>
			<xmax>1066</xmax>
			<ymax>369</ymax>
		</bndbox>
	</object>
	<object>
		<name>sem EPI area 1</name>
		<pose>Unspecified</pose>
		<truncated>0</truncated>
		<difficult>0</difficult>
		<bndbox>
			<xmin>584</xmin>
			<ymin>43</ymin>
			<xmax>768</xmax>
			<ymax>382</ymax>
		</bndbox>
	</object>
</annotation>
