<annotation>
	<folder>fotos</folder>
	<filename>Pics_113.jpg</filename>
	<path>/home/stefanipastre/Documentos/novo/fotos/Pics_113.jpg</path>
	<source>
		<database>Unknown</database>
	</source>
	<size>
		<width>1280</width>
		<height>720</height>
		<depth>3</depth>
	</size>
	<segmented>0</segmented>
	<object>
		<name>sem capacete area 3</name>
		<pose>Unspecified</pose>
		<truncated>0</truncated>
		<difficult>0</difficult>
		<bndbox>
			<xmin>599</xmin>
			<ymin>166</ymin>
			<xmax>826</xmax>
			<ymax>490</ymax>
		</bndbox>
	</object>
	<object>
		<name>sem protetor auricular area 2</name>
		<pose>Unspecified</pose>
		<truncated>0</truncated>
		<difficult>0</difficult>
		<bndbox>
			<xmin>857</xmin>
			<ymin>310</ymin>
			<xmax>1189</xmax>
			<ymax>677</ymax>
		</bndbox>
	</object>
	<object>
		<name>extintor sem sinalizar</name>
		<pose>Unspecified</pose>
		<truncated>0</truncated>
		<difficult>0</difficult>
		<bndbox>
			<xmin>389</xmin>
			<ymin>220</ymin>
			<xmax>495</xmax>
			<ymax>402</ymax>
		</bndbox>
	</object>
</annotation>
