<annotation>
	<folder>fotos</folder>
	<filename>Pics_132.jpg</filename>
	<path>/home/stefanipastre/Documentos/novo/fotos/Pics_132.jpg</path>
	<source>
		<database>Unknown</database>
	</source>
	<size>
		<width>1280</width>
		<height>720</height>
		<depth>3</depth>
	</size>
	<segmented>0</segmented>
	<object>
		<name>EPI incorreto area 3</name>
		<pose>Unspecified</pose>
		<truncated>0</truncated>
		<difficult>0</difficult>
		<bndbox>
			<xmin>727</xmin>
			<ymin>117</ymin>
			<xmax>920</xmax>
			<ymax>473</ymax>
		</bndbox>
	</object>
	<object>
		<name>EPI incorreto area 2</name>
		<pose>Unspecified</pose>
		<truncated>0</truncated>
		<difficult>0</difficult>
		<bndbox>
			<xmin>252</xmin>
			<ymin>262</ymin>
			<xmax>479</xmax>
			<ymax>687</ymax>
		</bndbox>
	</object>
</annotation>
