<annotation>
	<folder>fotos</folder>
	<filename>Pics_34.jpg</filename>
	<path>/home/stefanipastre/Documentos/novo/fotos/Pics_34.jpg</path>
	<source>
		<database>Unknown</database>
	</source>
	<size>
		<width>1280</width>
		<height>720</height>
		<depth>3</depth>
	</size>
	<segmented>0</segmented>
	<object>
		<name>sem capacete area 3</name>
		<pose>Unspecified</pose>
		<truncated>0</truncated>
		<difficult>0</difficult>
		<bndbox>
			<xmin>889</xmin>
			<ymin>124</ymin>
			<xmax>1115</xmax>
			<ymax>449</ymax>
		</bndbox>
	</object>
	<object>
		<name>sem protetor auricular area 2</name>
		<pose>Unspecified</pose>
		<truncated>0</truncated>
		<difficult>0</difficult>
		<bndbox>
			<xmin>551</xmin>
			<ymin>111</ymin>
			<xmax>783</xmax>
			<ymax>483</ymax>
		</bndbox>
	</object>
	<object>
		<name>sem EPI area 1</name>
		<pose>Unspecified</pose>
		<truncated>0</truncated>
		<difficult>0</difficult>
		<bndbox>
			<xmin>276</xmin>
			<ymin>22</ymin>
			<xmax>487</xmax>
			<ymax>355</ymax>
		</bndbox>
	</object>
</annotation>
