<annotation>
	<folder>fotos</folder>
	<filename>Pics_152.jpg</filename>
	<path>/home/stefanipastre/Documentos/novo/fotos/Pics_152.jpg</path>
	<source>
		<database>Unknown</database>
	</source>
	<size>
		<width>1280</width>
		<height>720</height>
		<depth>3</depth>
	</size>
	<segmented>0</segmented>
	<object>
		<name>EPI incorreto area 3</name>
		<pose>Unspecified</pose>
		<truncated>0</truncated>
		<difficult>0</difficult>
		<bndbox>
			<xmin>351</xmin>
			<ymin>125</ymin>
			<xmax>551</xmax>
			<ymax>474</ymax>
		</bndbox>
	</object>
	<object>
		<name>EPI incorreto area 2</name>
		<pose>Unspecified</pose>
		<truncated>0</truncated>
		<difficult>0</difficult>
		<bndbox>
			<xmin>664</xmin>
			<ymin>81</ymin>
			<xmax>817</xmax>
			<ymax>433</ymax>
		</bndbox>
	</object>
	<object>
		<name>sem EPI area 1</name>
		<pose>Unspecified</pose>
		<truncated>0</truncated>
		<difficult>0</difficult>
		<bndbox>
			<xmin>865</xmin>
			<ymin>125</ymin>
			<xmax>1063</xmax>
			<ymax>432</ymax>
		</bndbox>
	</object>
</annotation>
