<annotation>
	<folder>fotos</folder>
	<filename>Pics_68.jpg</filename>
	<path>/home/stefanipastre/Documentos/novo/fotos/Pics_68.jpg</path>
	<source>
		<database>Unknown</database>
	</source>
	<size>
		<width>1280</width>
		<height>720</height>
		<depth>3</depth>
	</size>
	<segmented>0</segmented>
	<object>
		<name>sem capacete area 3</name>
		<pose>Unspecified</pose>
		<truncated>0</truncated>
		<difficult>0</difficult>
		<bndbox>
			<xmin>941</xmin>
			<ymin>44</ymin>
			<xmax>1150</xmax>
			<ymax>388</ymax>
		</bndbox>
	</object>
	<object>
		<name>sem protetor auricular area 2</name>
		<pose>Unspecified</pose>
		<truncated>0</truncated>
		<difficult>0</difficult>
		<bndbox>
			<xmin>557</xmin>
			<ymin>24</ymin>
			<xmax>738</xmax>
			<ymax>362</ymax>
		</bndbox>
	</object>
	<object>
		<name>extintor sem sinalizar</name>
		<pose>Unspecified</pose>
		<truncated>0</truncated>
		<difficult>0</difficult>
		<bndbox>
			<xmin>760</xmin>
			<ymin>130</ymin>
			<xmax>872</xmax>
			<ymax>328</ymax>
		</bndbox>
	</object>
</annotation>
