<annotation>
	<folder>fotos</folder>
	<filename>Pics_62.jpg</filename>
	<path>/home/stefanipastre/Documentos/novo/fotos/Pics_62.jpg</path>
	<source>
		<database>Unknown</database>
	</source>
	<size>
		<width>1280</width>
		<height>720</height>
		<depth>3</depth>
	</size>
	<segmented>0</segmented>
	<object>
		<name>sem EPI area 1</name>
		<pose>Unspecified</pose>
		<truncated>0</truncated>
		<difficult>0</difficult>
		<bndbox>
			<xmin>916</xmin>
			<ymin>202</ymin>
			<xmax>1164</xmax>
			<ymax>582</ymax>
		</bndbox>
	</object>
	<object>
		<name>extintor sem sinalizar</name>
		<pose>Unspecified</pose>
		<truncated>0</truncated>
		<difficult>0</difficult>
		<bndbox>
			<xmin>498</xmin>
			<ymin>125</ymin>
			<xmax>638</xmax>
			<ymax>315</ymax>
		</bndbox>
	</object>
</annotation>
