<annotation>
	<folder>fotos</folder>
	<filename>Pics_86.jpg</filename>
	<path>/home/stefanipastre/Documentos/novo/fotos/Pics_86.jpg</path>
	<source>
		<database>Unknown</database>
	</source>
	<size>
		<width>1280</width>
		<height>720</height>
		<depth>3</depth>
	</size>
	<segmented>0</segmented>
	<object>
		<name>sem capacete area 3</name>
		<pose>Unspecified</pose>
		<truncated>0</truncated>
		<difficult>0</difficult>
		<bndbox>
			<xmin>697</xmin>
			<ymin>163</ymin>
			<xmax>915</xmax>
			<ymax>525</ymax>
		</bndbox>
	</object>
	<object>
		<name>sem protetor auricular area 2</name>
		<pose>Unspecified</pose>
		<truncated>0</truncated>
		<difficult>0</difficult>
		<bndbox>
			<xmin>955</xmin>
			<ymin>174</ymin>
			<xmax>1244</xmax>
			<ymax>564</ymax>
		</bndbox>
	</object>
	<object>
		<name>extintor sem sinalizar</name>
		<pose>Unspecified</pose>
		<truncated>0</truncated>
		<difficult>0</difficult>
		<bndbox>
			<xmin>562</xmin>
			<ymin>90</ymin>
			<xmax>687</xmax>
			<ymax>281</ymax>
		</bndbox>
	</object>
</annotation>
